account_number,product_id,monthly_active_users,api_calls,storage_gb,data_processed_tb,feature_usage_count,support_tickets,response_time_hrs,training_sessions,satisfaction_score,revenue
CUST_001,prod_04,50,14131,155.9,16.6,9,0,6.9,4,7.5,9503.74
CUST_002,prod_05,49,2362,44.0,3.9,2,8,10.5,1,6.3,3911.61
CUST_002,prod_09,10,3402,18.4,4.1,6,12,12.0,3,3.6,2466.09
CUST_003,prod_07,149,13658,62.6,10.9,16,1,4.3,3,8.2,12770.93
CUST_003,prod_06,45,2427,36.1,2.9,5,14,10.1,1,6.9,
CUST_003,prod_03,120,6414,156.4,5.9,15,5,3.2,4,11.2,
CUST_004,prod_09,145,18287,74.9,5.5,10,2,4.8,3,7.8,
CUST_004,prod_04,52,3473,36.3,1.0,6,16,18.0,0,4.4,3246.16
CUST_005,prod_04,211,10871,195.2,11.2,11,4,4.0,9,6.2,15333.01
CUST_006,prod_03,214,17562,83.8,7.7,9,5,7.0,5,8.1,16820.92
CUST_006,prod_02,20,1445,17.9,1.6,9,16,25.8,0,7.5,
CUST_006,prod_08,49,13037,130.2,12.2,13,1,7.4,7,7.1,8649.68
CUST_007,prod_05,42,1826,15.2,3.8,3,13,16.2,3,3.0,3449.09
CUST_008,prod_05,30,2312,30.9,4.5,3,10,16.4,3,3.0,3137.05
CUST_008,prod_02,84,18892,154.7,8.2,11,3,6.2,8,7.5,
CUST_008,prod_01,123,10588,43.8,17.4,7,2,7.6,8,7.5,
CUST_009,prod_02,108,17079,62.9,14.0,9,1,5.2,5,8.5,12592.46
CUST_009,prod_03,125,17942,128.9,18.7,10,0,2.4,5,6.2,11895.66
CUST_010,prod_07,136,5058,97.8,14.9,13,1,7.3,4,6.7,12874.63
CUST_010,prod_10,19,3342,39.1,0.9,3,8,14.9,0,7.0,2012.14
CUST_011,prod_02,153,14695,166.9,16.6,10,2,8.4,7,9.4,15210.81
CUST_011,prod_08,20,674,25.6,1.4,9,9,18.4,1,4.3,
CUST_012,prod_10,82,15123,184.8,5.1,9,2,5.0,9,9.9,10371.62
CUST_013,prod_03,119,12229,96.7,19.6,15,2,2.8,8,9.4,13328.97
CUST_013,prod_08,97,12143,41.3,18.9,11,2,1.3,7,7.6,10820.11
CUST_013,prod_07,175,12478,182.2,16.0,8,3,1.4,4,10.3,13844.52
CUST_014,prod_01,66,11723,204.3,16.6,14,2,6.8,8,8.4,
CUST_014,prod_07,24,1396,41.7,2.4,6,11,15.1,2,5.5,3236.36
CUST_015,prod_10,94,13242,105.6,17.2,9,5,5.8,8,6.6,11178.58
CUST_015,prod_08,188,15286,198.5,14.8,10,4,3.6,4,11.0,
CUST_016,prod_07,168,11286,83.5,5.8,17,4,6.3,5,9.8,13660.09
CUST_016,prod_01,76,11347,173.7,23.2,7,4,2.2,6,10.5,
CUST_016,prod_06,30,1154,5.4,3.4,9,12,18.5,1,3.8,
CUST_017,prod_06,63,7957,66.8,16.2,8,1,2.2,6,9.6,8978.69
CUST_017,prod_01,146,8723,123.7,11.7,8,4,7.1,7,9.6,11652.42
CUST_018,prod_04,7,2455,29.7,2.4,6,7,10.8,1,6.3,2306.2
CUST_018,prod_01,153,16153,173.1,12.5,16,2,2.3,5,8.6,14821.31
CUST_018,prod_05,46,3117,35.8,1.8,3,11,16.7,0,3.4,
CUST_019,prod_03,108,11599,189.1,9.0,13,3,5.1,4,9.3,9483.2
CUST_019,prod_09,49,2266,8.8,2.8,3,6,9.1,0,7.1,3886.78
CUST_020,prod_06,39,5138,5.4,4.5,5,7,9.7,1,3.6,
CUST_021,prod_03,136,14601,179.6,14.4,10,1,8.2,9,7.1,12152.37
CUST_021,prod_04,143,12916,79.2,16.0,8,0,2.8,5,7.5,
CUST_021,prod_08,168,18034,89.6,21.1,11,0,2.0,7,8.4,15134.38
CUST_022,prod_10,127,17641,190.2,12.0,10,3,2.9,7,8.3,12881.56
CUST_022,prod_02,92,7346,151.4,14.8,9,5,6.7,6,11.3,10851.64
CUST_022,prod_06,184,13036,78.1,11.3,10,4,3.6,6,7.9,16304.48
CUST_023,prod_10,57,8740,71.3,16.5,6,5,2.8,6,7.3,8516.37
CUST_024,prod_03,87,16048,141.3,19.3,11,4,3.2,4,9.2,11777.6
CUST_025,prod_05,198,8187,66.2,13.7,12,3,6.1,5,7.8,
CUST_025,prod_01,177,8509,115.2,14.8,10,2,8.1,3,10.6,12800.44
CUST_025,prod_02,68,16304,102.2,8.4,12,2,7.9,4,7.9,8739.78
CUST_026,prod_08,8,1018,25.7,1.7,6,13,14.9,3,5.8,2559.33
CUST_026,prod_02,7,3719,43.5,1.1,7,13,17.0,0,4.0,1588.09
CUST_027,prod_10,119,8322,194.9,7.4,12,4,6.3,6,10.0,12332.78
CUST_027,prod_02,148,7048,131.4,16.1,15,4,6.3,5,9.4,13317.2
CUST_028,prod_02,71,15183,104.4,19.0,8,3,5.9,4,9.3,
CUST_028,prod_03,51,4969,17.2,2.9,8,13,13.0,0,5.7,
CUST_028,prod_05,27,3206,45.3,3.7,9,10,23.1,0,5.4,
CUST_029,prod_02,105,19734,178.0,10.4,10,1,4.8,6,9.0,12143.22
CUST_030,prod_05,219,9401,137.8,13.4,9,1,4.5,8,7.9,16533.63
CUST_030,prod_09,90,10426,110.7,14.4,10,3,1.9,7,6.6,10706.32
CUST_031,prod_04,30,4640,38.9,4.7,3,10,19.0,3,5.7,3407.52
CUST_031,prod_06,103,17663,144.6,17.2,8,2,5.9,4,8.9,11720.64
CUST_031,prod_10,144,12137,118.3,22.7,16,3,3.0,5,8.5,15622.47
CUST_032,prod_02,190,8238,125.1,14.1,16,2,7.3,8,7.8,14702.86
CUST_032,prod_09,81,10446,157.0,20.5,14,1,5.5,5,7.8,
CUST_032,prod_06,68,16585,188.0,8.7,10,4,6.4,6,10.9,8205.6
CUST_033,prod_02,36,775,11.6,4.6,7,7,14.3,3,6.8,
CUST_033,prod_04,62,6137,199.2,4.4,11,4,7.5,4,7.1,7162.75
CUST_033,prod_05,85,6588,185.2,12.5,8,2,7.1,5,9.3,10307.35
CUST_034,prod_03,67,16087,105.2,10.2,9,3,6.0,5,6.0,
CUST_034,prod_08,38,736,5.5,3.0,3,12,12.9,2,5.7,
CUST_034,prod_05,192,14958,130.2,15.5,9,2,3.7,6,11.3,16651.16
CUST_035,prod_07,8,3505,39.7,3.8,2,7,21.8,1,3.4,1815.42
CUST_035,prod_09,124,17959,46.3,12.5,13,3,1.8,5,7.8,13064.49
CUST_035,prod_06,18,1488,18.5,4.9,3,13,16.9,1,5.2,2350.94
CUST_036,prod_03,63,9783,148.1,11.1,10,2,2.3,7,8.8,
CUST_036,prod_07,24,744,52.4,2.9,4,11,11.2,3,3.5,2989.17
CUST_037,prod_08,108,15682,166.4,18.2,12,2,1.7,3,8.6,
CUST_037,prod_10,103,14299,182.2,11.5,12,1,3.0,7,7.2,12064.06
CUST_037,prod_05,140,14329,148.3,11.0,12,1,5.3,6,8.5,12514.51
CUST_038,prod_02,50,3668,21.0,3.6,2,8,9.5,1,3.6,3735.52
CUST_039,prod_05,118,12592,160.9,19.6,12,3,6.4,3,7.6,
CUST_039,prod_10,73,8763,118.4,5.5,10,0,1.8,6,11.4,9593.58
CUST_040,prod_10,160,7763,76.1,6.8,10,3,8.6,5,9.4,13855.76
CUST_040,prod_03,130,14351,130.0,12.6,7,3,2.6,5,6.6,10890.11
CUST_040,prod_06,103,17678,102.1,13.9,12,2,4.2,5,7.7,9912.84
CUST_041,prod_01,22,875,16.1,3.4,6,13,7.5,1,4.3,2245.63
CUST_042,prod_01,101,21202,77.5,21.6,13,1,0.9,3,7.0,10572.2
CUST_042,prod_03,120,10536,164.3,16.8,17,2,5.3,6,9.0,
CUST_043,prod_04,97,19939,65.6,12.5,14,5,2.9,6,8.8,11683.01
CUST_043,prod_02,82,7336,165.6,12.6,13,2,1.5,4,6.8,9920.89
CUST_044,prod_04,92,19258,104.4,4.7,11,6,1.4,7,9.4,10205.33
CUST_044,prod_10,143,7945,144.4,10.0,12,1,1.4,6,7.9,13361.5
CUST_044,prod_09,51,3850,46.1,3.1,2,12,17.4,1,4.1,4235.89
CUST_045,prod_01,5,2055,16.8,4.6,6,11,18.7,2,4.1,2188.08
CUST_045,prod_08,18,2314,27.5,3.0,7,15,9.1,1,4.2,2467.68
CUST_045,prod_03,166,5339,92.5,13.5,13,2,3.6,4,6.2,
CUST_046,prod_05,5,1117,26.6,2.6,3,7,11.9,3,6.3,
CUST_046,prod_08,33,4202,6.1,3.6,6,11,8.3,2,7.4,
CUST_046,prod_03,127,13191,171.4,6.8,10,0,5.8,3,9.7,12522.21
CUST_047,prod_10,48,5285,207.2,20.2,10,3,4.7,5,7.2,8575.31
CUST_048,prod_02,9,1592,32.5,1.0,3,7,7.6,2,3.4,2109.44
CUST_048,prod_03,22,3626,21.2,3.6,6,17,11.8,1,4.9,2578.27
CUST_049,prod_05,5,1151,35.7,4.8,8,17,25.2,2,4.7,2550.28
CUST_049,prod_10,166,20335,78.2,13.7,12,2,6.4,5,9.4,15009.67
CUST_050,prod_08,181,12422,204.2,6.3,12,3,5.7,5,8.0,15838.67
CUST_050,prod_10,122,18914,48.6,13.2,11,1,2.0,5,9.9,12223.76
CUST_051,prod_10,35,1601,16.1,2.7,8,11,11.0,2,5.4,
CUST_051,prod_09,95,22112,104.6,14.4,11,0,4.1,6,7.7,10099.3
CUST_052,prod_09,34,3793,15.1,2.7,3,9,23.0,1,5.5,
CUST_052,prod_05,36,3838,31.1,2.2,6,9,14.9,0,3.7,3232.49
CUST_053,prod_01,100,21605,77.8,15.4,13,3,3.5,5,7.5,11379.45
CUST_054,prod_01,123,21137,212.9,7.9,10,1,2.1,7,9.6,11184.08
CUST_055,prod_10,230,17414,187.0,16.5,12,1,7.5,5,8.9,18303.47
CUST_055,prod_05,100,14066,59.5,5.1,11,4,1.3,6,10.8,9883.82
CUST_055,prod_08,22,3370,19.4,0.8,4,11,21.3,3,6.6,
CUST_056,prod_07,58,22920,60.7,18.2,10,3,3.4,4,11.4,9816.65
CUST_056,prod_09,113,15897,61.5,7.5,12,3,6.7,4,7.2,10309.02
CUST_056,prod_01,86,6391,129.7,17.0,10,1,2.2,5,11.2,10275.26
CUST_057,prod_09,53,1946,46.7,4.2,4,12,12.2,1,3.9,3216.64
CUST_058,prod_08,52,4137,25.6,3.6,6,11,13.6,1,5.4,4644.19
CUST_059,prod_04,191,12509,84.5,17.1,11,4,9.0,7,9.2,
CUST_059,prod_02,74,16511,96.2,12.1,10,4,8.1,6,6.2,9355.5
CUST_060,prod_08,160,18723,86.0,20.2,10,5,6.6,7,9.0,13092.37
CUST_061,prod_09,73,5989,131.7,20.5,10,2,3.0,6,8.3,10806.55
CUST_061,prod_10,213,14508,157.9,9.1,14,3,4.8,5,11.1,15050.17
CUST_061,prod_04,25,2723,26.2,1.2,4,16,13.0,3,4.4,
CUST_062,prod_04,50,816,18.0,1.5,3,13,13.4,2,5.5,3641.06
CUST_062,prod_03,41,4424,7.4,2.7,4,6,21.9,2,5.8,3739.44
CUST_063,prod_07,119,5802,86.9,14.6,16,3,7.8,4,11.8,12198.3
CUST_064,prod_04,33,1864,28.3,5.4,7,13,25.4,2,3.6,
CUST_064,prod_03,27,3290,35.6,3.8,7,12,12.9,1,2.8,3117.51
CUST_065,prod_03,126,12484,74.1,10.2,9,1,4.8,4,8.2,12254.79
CUST_065,prod_07,140,5584,208.2,14.0,15,4,5.8,4,9.0,12147.48
CUST_066,prod_02,23,4533,6.3,4.3,7,17,19.6,3,4.0,2704.18
CUST_066,prod_08,64,15910,116.7,12.1,14,4,3.7,5,8.1,10148.05
CUST_067,prod_10,8,3081,10.1,4.6,5,12,16.2,3,4.5,2266.55
CUST_068,prod_02,67,16912,80.0,7.9,11,4,1.2,4,11.0,8114.42
CUST_068,prod_10,76,15466,142.7,4.4,10,5,5.2,7,9.9,8778.13
CUST_069,prod_08,13,2655,49.9,3.8,4,9,22.1,2,4.1,2583.82
CUST_069,prod_02,179,7248,120.0,5.0,16,2,3.7,7,9.2,15620.5
CUST_070,prod_07,57,12843,133.0,14.4,9,4,7.5,5,6.4,9476.85
CUST_070,prod_03,20,3691,13.8,0.5,3,9,13.0,1,8.1,2349.57
CUST_071,prod_08,32,5471,44.3,0.5,4,7,14.5,1,2.5,
CUST_071,prod_10,38,2535,27.8,4.0,8,8,18.9,3,7.2,5016.84
CUST_071,prod_02,94,17044,86.0,8.0,9,4,9.0,9,8.9,11234.4
CUST_072,prod_10,171,5447,136.0,16.8,14,1,6.7,9,9.1,
CUST_073,prod_05,27,1722,35.4,4.2,8,10,6.8,1,7.0,3525.22
CUST_074,prod_07,115,14912,61.4,15.7,11,0,3.1,7,8.3,11541.06
CUST_074,prod_08,12,4028,6.7,3.7,4,6,10.6,2,5.7,2856.74
CUST_075,prod_04,59,17556,148.7,13.6,14,2,2.5,4,5.8,
CUST_076,prod_09,126,14153,135.2,14.3,11,1,2.2,3,8.6,10481.7
CUST_076,prod_04,19,878,43.4,2.8,9,10,19.6,3,3.3,3312.2
CUST_077,prod_09,103,17634,111.6,12.1,12,2,8.0,3,8.1,9573.34
CUST_077,prod_07,150,11718,97.9,18.3,12,1,3.5,7,8.5,14381.78
CUST_078,prod_09,204,15836,80.6,9.5,13,4,5.1,4,9.5,16345.67
CUST_079,prod_03,13,676,16.2,4.1,3,11,20.5,2,3.3,2202.9
CUST_080,prod_04,80,17466,160.7,6.0,10,2,4.2,5,6.8,8633.27
CUST_081,prod_03,138,17891,87.1,13.4,9,2,6.3,7,7.7,13025.93
CUST_081,prod_01,6,665,27.2,3.7,2,10,8.0,2,5.0,2053.65
CUST_081,prod_08,227,10860,219.4,14.6,12,3,3.6,5,8.5,18071.51
CUST_082,prod_06,85,12988,62.5,18.4,14,1,5.6,6,8.8,11135.11
CUST_082,prod_08,167,17737,105.7,6.3,10,1,6.3,5,9.4,
CUST_082,prod_03,46,718,26.6,1.9,5,13,9.5,0,6.0,4107.75
CUST_083,prod_09,35,1399,9.4,4.8,6,9,13.3,0,2.7,3017.94
CUST_083,prod_02,74,6689,134.9,13.5,10,0,2.8,5,9.6,
CUST_084,prod_02,39,2995,40.2,3.4,6,9,22.6,1,2.7,
CUST_084,prod_01,42,5060,22.9,4.7,4,13,12.5,1,7.7,4554.3
CUST_084,prod_10,156,17673,61.1,8.4,15,4,3.9,5,7.8,13881.1
CUST_085,prod_01,37,4138,16.4,2.8,2,6,17.0,0,4.0,
CUST_085,prod_06,146,5371,149.3,13.2,16,6,6.7,5,8.2,11882.66
CUST_086,prod_09,153,19780,162.8,15.4,9,4,4.0,3,7.5,13415.45
CUST_086,prod_10,31,702,28.2,3.1,4,14,9.0,0,5.3,2729.17
CUST_086,prod_04,53,7692,128.4,11.2,16,4,4.4,4,8.5,
CUST_087,prod_03,92,8355,134.4,17.9,9,4,3.5,5,10.2,11128.12
CUST_087,prod_08,107,6633,109.2,8.4,9,2,6.2,6,11.4,12115.21
CUST_088,prod_04,17,2640,26.7,3.2,3,15,19.2,0,5.9,1820.91
CUST_088,prod_03,67,11604,87.1,20.0,7,3,5.3,8,10.7,
CUST_088,prod_05,133,8330,123.1,5.7,9,2,6.3,6,7.5,10210.48
CUST_089,prod_10,152,6585,79.6,19.0,11,0,7.1,4,8.4,
CUST_089,prod_09,83,17316,122.0,18.5,14,4,3.3,7,7.9,11397.46
CUST_089,prod_06,12,1185,27.1,3.0,7,6,15.6,3,3.7,3154.43
CUST_090,prod_06,44,1735,12.5,3.6,6,15,9.5,1,6.8,3734.77
CUST_090,prod_09,194,10409,93.9,8.6,10,2,4.6,7,7.3,13482.31
CUST_091,prod_05,44,1043,17.0,3.6,9,10,22.1,1,7.9,4495.01
CUST_091,prod_06,174,11053,91.1,4.5,13,1,3.4,5,8.0,14937.14
CUST_091,prod_10,29,5518,28.8,4.4,4,11,25.9,0,3.9,3243.97
CUST_092,prod_03,169,12415,159.6,17.9,15,1,6.8,4,6.9,15556.77
CUST_093,prod_08,38,2575,31.4,1.6,6,13,20.5,1,7.5,
CUST_094,prod_10,27,3763,8.6,2.9,6,6,8.2,3,4.2,3234.8
CUST_094,prod_06,30,4120,29.0,1.1,6,15,17.1,0,6.2,2720.24
CUST_094,prod_01,103,18071,61.0,18.6,11,3,8.8,4,6.8,10594.5
CUST_095,prod_07,157,10718,227.3,14.5,13,4,5.4,7,7.0,14016.39
CUST_095,prod_03,197,8529,202.7,9.6,15,5,5.6,9,9.2,18664.64
CUST_095,prod_10,81,11180,150.6,19.0,17,4,1.4,9,8.3,11794.0
CUST_096,prod_10,36,3927,32.0,2.1,6,5,11.4,3,3.8,4250.69
CUST_097,prod_04,8,4281,27.7,0.6,4,6,24.2,3,4.0,2315.05
CUST_098,prod_05,32,5422,46.4,4.2,5,12,19.5,1,3.1,2513.74
CUST_099,prod_03,131,15830,51.1,15.7,11,1,5.9,4,9.7,11109.04
CUST_099,prod_09,74,17369,109.7,11.3,12,4,4.7,3,7.4,
CUST_100,prod_07,26,563,9.6,4.2,4,13,10.4,0,4.0,
CUST_100,prod_06,36,3817,45.2,3.9,4,7,12.3,1,3.5,3287.1
CUST_101,prod_04,22,3767,33.3,2.6,3,9,11.7,1,7.7,2441.51
CUST_102,prod_02,174,8783,208.4,14.3,14,5,2.0,5,8.1,
CUST_102,prod_05,57,17862,113.0,7.4,15,4,3.9,4,8.4,
CUST_103,prod_07,8,3359,25.0,5.1,5,7,13.2,3,8.1,2971.83
CUST_103,prod_08,41,3159,29.6,4.5,4,12,15.6,3,3.4,
CUST_103,prod_04,28,4591,15.7,3.9,4,12,11.3,1,7.2,
CUST_104,prod_02,68,18452,146.9,13.8,12,4,7.5,5,7.6,9683.62
CUST_105,prod_09,104,20857,148.2,14.8,15,2,5.2,7,11.2,13470.44
CUST_105,prod_10,141,15069,132.7,8.2,12,2,4.1,4,8.4,12181.07
CUST_106,prod_09,128,5975,166.3,11.9,10,2,4.8,3,8.0,10254.24
CUST_106,prod_01,88,6818,91.7,21.1,12,3,5.1,4,9.3,11231.49
CUST_106,prod_06,35,1659,50.5,4.3,6,10,12.2,1,3.5,3547.62
CUST_107,prod_04,77,11200,190.0,12.9,14,0,3.7,5,8.1,10103.34
CUST_108,prod_07,118,17228,44.7,16.0,12,1,5.1,8,6.5,12052.41
CUST_109,prod_04,79,8917,195.8,7.7,12,4,2.8,5,8.9,9428.77
CUST_109,prod_10,9,4287,17.3,2.2,8,17,19.6,2,6.1,2379.78
CUST_110,prod_04,123,8201,216.5,12.6,11,2,8.9,3,8.0,11657.29
CUST_110,prod_08,30,1161,41.2,3.0,4,6,13.3,3,3.7,3555.77
CUST_111,prod_05,56,13238,122.2,16.9,15,4,2.2,5,9.0,
CUST_111,prod_10,86,12494,109.3,18.1,11,2,7.4,6,6.9,10483.41
CUST_112,prod_09,159,7885,47.3,20.8,10,0,4.0,6,8.5,15039.33
CUST_112,prod_02,5,1064,10.8,3.6,6,13,14.0,1,3.3,1444.73
CUST_113,prod_01,170,11399,132.8,10.4,11,2,2.0,7,6.6,13439.58
CUST_114,prod_06,150,4211,139.1,9.6,15,3,1.5,6,6.7,14136.54
CUST_115,prod_03,31,4071,15.7,3.0,3,6,11.6,2,6.4,3223.75
CUST_115,prod_04,34,2292,54.6,2.8,4,15,13.2,1,5.1,2743.2
CUST_116,prod_06,180,18437,79.9,10.2,8,4,8.5,6,7.2,12683.55
CUST_117,prod_06,25,761,41.8,3.2,3,9,22.4,2,5.4,2428.41
CUST_117,prod_09,49,8063,126.9,5.4,13,1,2.7,5,10.1,8037.18
CUST_117,prod_02,173,7677,151.1,7.3,10,1,4.2,3,7.5,12790.41
CUST_118,prod_01,225,10780,151.5,17.4,11,3,4.1,3,7.9,
CUST_118,prod_03,103,11796,91.7,8.6,8,5,6.6,3,10.8,10264.74
CUST_118,prod_06,94,8822,62.8,18.4,9,4,3.7,4,8.2,10797.26
CUST_119,prod_01,156,14346,178.2,9.4,9,2,4.0,3,6.7,
CUST_120,prod_03,38,3449,39.7,3.2,2,9,11.5,1,5.4,3541.33
CUST_121,prod_05,69,11711,170.8,10.7,10,3,4.3,4,10.5,
CUST_122,prod_06,147,15428,72.1,12.0,10,4,7.8,5,10.5,11776.93
CUST_123,prod_02,16,1632,36.8,3.8,6,9,17.2,1,7.2,2927.7
CUST_124,prod_09,154,12289,120.5,9.0,10,1,1.9,5,6.9,12040.83
CUST_124,prod_10,62,15602,163.0,11.7,12,2,8.6,7,7.8,9164.13
CUST_124,prod_04,173,14259,100.1,9.8,8,1,5.6,5,8.2,
CUST_125,prod_01,85,10999,174.8,19.5,8,2,5.4,6,9.6,11399.74
CUST_125,prod_10,127,15789,199.5,10.0,10,0,3.6,4,9.5,12647.35
CUST_126,prod_01,14,2495,38.5,2.9,3,12,12.3,0,6.8,2572.77
CUST_126,prod_08,123,20569,173.5,5.0,9,2,3.5,7,8.0,11538.96
CUST_126,prod_09,15,3187,34.8,0.5,9,9,11.0,3,3.0,2783.14
CUST_127,prod_07,75,17696,156.2,16.6,13,3,1.4,6,8.6,10276.0
CUST_127,prod_06,26,621,9.4,4.7,3,8,8.8,2,5.7,3071.98
CUST_127,prod_09,30,4002,24.4,4.7,7,10,14.2,2,7.8,4071.96
CUST_128,prod_09,133,13022,98.4,10.6,7,4,8.4,5,9.9,13611.57
CUST_129,prod_05,161,17391,140.3,6.1,14,4,4.6,9,10.9,
CUST_130,prod_01,24,3720,13.4,0.8,3,17,25.1,1,4.1,1991.83
CUST_130,prod_02,44,960,15.9,0.8,4,16,9.8,3,4.3,3194.24
CUST_130,prod_03,184,6429,101.7,8.9,12,2,6.5,6,7.6,16384.09
CUST_131,prod_03,114,4623,77.2,7.8,11,4,4.2,6,7.9,10856.93
CUST_131,prod_04,39,1411,18.3,0.5,3,17,12.6,2,4.2,
CUST_131,prod_02,100,21983,231.5,17.3,13,4,3.9,4,8.3,10611.89
CUST_132,prod_02,35,2520,22.3,2.2,9,8,28.3,3,4.4,3804.11
CUST_132,prod_08,155,12740,53.3,11.3,11,1,4.2,5,7.2,
CUST_132,prod_09,21,3059,12.2,1.5,7,7,21.5,0,4.0,2621.32
CUST_133,prod_10,101,5445,106.5,18.4,8,1,4.1,5,8.5,10616.04
CUST_133,prod_03,63,9361,180.3,14.6,8,2,4.9,5,10.1,9378.75
CUST_133,prod_04,50,2284,19.4,1.4,5,6,16.3,1,3.7,3715.91
CUST_134,prod_09,167,15529,67.6,14.2,15,5,4.5,6,8.1,13831.84
CUST_135,prod_02,144,19868,81.3,5.9,16,2,4.4,5,8.7,12810.01
CUST_135,prod_10,43,1084,39.8,1.9,4,14,12.1,1,5.0,3950.35
CUST_135,prod_04,5,2501,10.7,3.4,5,9,9.7,2,6.0,2192.97
CUST_136,prod_08,130,14461,129.2,22.8,13,1,4.8,6,7.0,12921.79
CUST_137,prod_01,31,1760,15.8,5.0,3,10,22.7,2,7.2,3489.88
CUST_137,prod_04,87,6139,160.0,19.5,13,4,4.3,4,8.5,10967.85
CUST_138,prod_10,126,6861,151.6,18.5,11,4,6.4,4,7.7,14002.97
CUST_138,prod_06,48,9176,122.8,15.1,8,3,6.9,6,6.4,8642.82
CUST_139,prod_07,44,2982,4.3,4.9,3,10,16.3,1,4.4,4121.46
CUST_139,prod_01,107,8252,52.2,5.1,14,3,1.6,5,8.8,10190.65
CUST_140,prod_07,154,20246,137.4,11.1,11,1,7.6,5,7.4,13180.77
CUST_140,prod_04,143,8541,127.3,7.3,9,1,3.3,7,7.9,11554.08
CUST_141,prod_05,187,11116,46.0,14.0,10,0,4.2,6,6.3,15233.62
CUST_141,prod_01,25,2789,42.5,3.8,7,12,12.7,1,5.4,3005.55
CUST_141,prod_02,50,12485,77.8,13.2,11,1,2.2,3,10.4,8908.04
CUST_142,prod_04,126,14600,75.9,22.7,10,5,3.9,6,8.3,
CUST_142,prod_01,41,2186,25.6,2.2,7,10,24.0,0,5.8,3876.91
CUST_142,prod_05,23,4331,46.9,1.8,4,10,24.3,0,4.0,
CUST_143,prod_10,40,1260,17.5,2.0,7,13,25.3,3,4.7,3777.99
CUST_143,prod_05,64,14965,175.7,13.0,12,1,1.7,6,7.1,10185.47
CUST_144,prod_10,108,15836,159.7,7.9,13,4,5.5,6,8.6,11069.27
CUST_144,prod_03,33,4810,20.6,2.9,2,15,24.2,1,6.2,3125.28
CUST_145,prod_03,38,1403,11.4,1.7,5,8,19.5,1,3.3,
CUST_145,prod_05,8,3624,30.5,1.1,7,15,16.0,0,3.1,
CUST_146,prod_02,33,5282,18.8,2.7,2,5,16.5,2,3.3,3305.39
CUST_146,prod_05,159,8210,73.4,16.6,11,1,1.9,6,7.5,16100.04
CUST_147,prod_06,147,7775,78.4,9.3,14,0,2.4,8,9.2,
CUST_147,prod_02,16,3292,22.2,3.8,9,6,9.6,2,6.3,3373.87
CUST_147,prod_08,132,18817,48.9,4.9,7,2,2.1,6,9.1,11043.09
CUST_148,prod_09,140,5709,57.3,11.2,8,4,3.9,5,8.9,11399.35
CUST_148,prod_07,36,4607,33.5,4.7,2,14,9.2,0,6.7,2528.02
CUST_148,prod_04,175,13157,104.4,15.7,10,4,3.2,7,10.4,
CUST_149,prod_03,28,618,44.1,3.8,6,10,10.6,1,3.5,
CUST_149,prod_04,135,17260,112.6,16.8,12,1,5.7,5,8.8,12413.09
CUST_150,prod_09,179,19082,58.2,13.1,14,2,3.5,3,7.3,14159.99
CUST_150,prod_02,143,8554,101.1,16.1,10,4,3.0,4,7.5,13411.01
CUST_151,prod_01,86,16060,171.7,7.3,10,2,4.4,4,7.1,9087.71
CUST_152,prod_09,191,10211,187.2,5.4,9,2,4.4,8,9.0,14609.23
CUST_153,prod_08,55,20337,119.2,9.5,11,1,6.9,5,10.3,8183.95
CUST_153,prod_07,170,9546,92.7,4.7,8,3,3.1,3,7.0,12641.58
CUST_154,prod_06,180,19405,169.3,16.4,14,0,4.2,6,9.7,17224.57
CUST_155,prod_07,94,14122,167.3,15.5,14,3,4.8,4,9.4,11913.38
CUST_155,prod_01,13,2495,29.1,4.4,7,7,22.4,1,3.7,2545.12
CUST_156,prod_01,126,7360,105.9,16.2,14,3,4.0,4,7.2,
CUST_156,prod_10,163,13289,78.5,21.5,10,1,2.9,8,6.4,
CUST_156,prod_08,124,15779,130.3,5.2,10,4,3.0,5,8.2,10835.02
CUST_157,prod_07,79,9163,174.3,10.6,8,2,6.4,6,6.5,8655.74
CUST_157,prod_04,175,7707,97.1,17.3,11,3,6.9,9,9.6,13605.42
CUST_157,prod_06,25,4037,22.8,0.8,6,10,11.3,0,2.9,2133.55
CUST_158,prod_08,39,2129,36.8,3.0,4,7,16.1,1,4.7,
CUST_158,prod_09,201,12638,64.1,13.6,13,1,4.7,6,11.0,
CUST_159,prod_04,106,12962,95.7,10.0,12,1,7.2,7,7.2,11300.79
CUST_159,prod_07,77,5611,151.1,17.8,14,2,4.2,4,8.0,10601.39
CUST_159,prod_03,146,14127,155.4,6.1,13,5,4.4,3,10.6,14378.46
CUST_160,prod_05,176,9503,171.2,20.9,15,2,3.2,5,8.6,14828.84
CUST_160,prod_09,99,17705,72.4,11.4,11,3,1.9,6,7.5,9529.07
CUST_160,prod_03,45,1492,9.1,0.8,2,12,17.9,1,4.8,2571.21
CUST_161,prod_10,29,4302,37.2,5.4,3,10,13.9,0,5.7,2703.49
CUST_162,prod_10,82,11108,179.0,17.8,14,0,2.3,6,8.4,12042.49
CUST_162,prod_06,231,11087,76.4,19.0,13,0,4.8,5,9.3,16750.03
CUST_162,prod_03,117,6403,195.1,11.3,9,1,1.9,6,10.1,11935.01
CUST_163,prod_07,63,9209,136.7,8.9,10,4,6.3,4,6.7,7891.32
CUST_164,prod_10,19,2144,41.0,5.3,8,11,15.7,1,6.6,3218.23
CUST_164,prod_02,114,5503,181.3,8.9,10,5,2.1,5,10.0,11476.16
CUST_165,prod_10,9,4939,50.8,2.8,8,8,25.6,0,5.4,
CUST_165,prod_09,11,4843,5.8,3.4,3,16,21.6,2,4.6,
CUST_166,prod_10,196,6424,195.0,8.9,9,2,5.8,4,8.8,
CUST_166,prod_09,48,883,25.5,1.7,3,5,12.7,2,7.6,
CUST_166,prod_08,13,2993,27.5,1.2,7,5,13.6,1,5.4,2188.72
CUST_167,prod_06,73,6180,86.9,7.6,16,1,1.7,6,10.3,10457.5
CUST_167,prod_09,37,1025,32.1,1.5,4,12,12.2,3,5.6,3169.8
CUST_168,prod_08,17,3752,33.3,4.4,3,8,25.0,2,6.2,
CUST_168,prod_01,128,20368,158.5,7.8,12,0,2.9,7,7.9,11704.1
CUST_168,prod_09,5,4768,7.7,1.4,3,9,12.7,2,3.2,1084.53
CUST_169,prod_01,8,2843,43.5,0.9,3,11,18.8,3,5.5,
CUST_170,prod_04,120,4596,136.0,14.6,13,4,2.4,9,6.7,11852.86
CUST_170,prod_01,188,7004,89.0,21.0,13,1,5.2,8,7.9,17723.93
CUST_171,prod_05,56,8508,56.2,12.1,14,3,7.5,5,8.4,9253.07
CUST_171,prod_02,145,10459,152.0,12.0,8,0,7.7,3,7.1,11340.93
CUST_171,prod_08,7,3329,32.0,2.1,6,5,15.4,1,6.6,
CUST_172,prod_07,103,5739,82.5,9.7,10,3,5.6,6,7.7,10025.8
CUST_173,prod_06,60,12107,145.7,9.9,14,5,5.3,7,7.7,8705.09
CUST_173,prod_02,76,9674,83.7,7.0,9,0,3.5,3,7.4,8139.81
CUST_173,prod_08,19,2792,40.1,4.4,7,11,21.2,4,5.6,3642.93
CUST_174,prod_03,171,12223,71.1,13.0,11,2,4.6,3,8.1,12865.04
CUST_175,prod_01,7,3059,53.4,4.7,2,11,11.8,2,6.9,
CUST_176,prod_08,138,12213,54.7,11.8,11,3,6.2,4,6.7,
CUST_176,prod_10,188,6315,70.3,11.4,13,1,2.5,6,7.4,16252.23
CUST_177,prod_03,215,7471,149.0,7.2,14,1,1.7,6,6.6,
CUST_178,prod_08,124,13560,52.3,10.8,12,5,4.6,9,10.2,12774.05
CUST_179,prod_04,47,14016,142.0,5.5,16,4,5.6,4,9.2,8056.97
CUST_179,prod_08,109,17325,87.8,7.5,14,3,4.1,6,10.2,11955.44
CUST_179,prod_05,141,7249,102.5,11.8,12,0,8.6,4,9.8,12045.31
CUST_180,prod_04,101,14458,80.8,13.3,11,2,4.9,9,7.4,10841.98
CUST_181,prod_09,94,14905,104.1,16.6,12,0,5.8,5,8.4,11584.83
CUST_181,prod_04,168,6057,100.3,17.0,15,1,6.9,5,8.1,16807.81
CUST_182,prod_10,156,5337,151.5,6.0,13,3,3.8,6,8.2,12931.1
CUST_182,prod_06,78,9742,58.1,8.6,13,1,2.6,3,8.7,10412.86
CUST_182,prod_07,101,11900,167.1,16.4,9,2,5.7,6,8.5,11753.73
CUST_183,prod_02,125,10749,47.0,19.0,12,4,8.3,7,6.4,12176.24
CUST_183,prod_05,52,8088,157.2,16.1,10,2,6.0,3,7.1,
CUST_183,prod_07,52,578,40.7,1.5,8,6,8.1,1,5.3,
CUST_184,prod_01,53,2417,5.4,4.1,6,7,12.9,0,4.8,
CUST_185,prod_03,191,11264,59.0,6.3,9,4,6.0,6,8.4,
CUST_185,prod_07,29,1037,32.6,3.1,5,12,15.4,1,6.6,
CUST_185,prod_08,157,5277,138.8,11.6,7,2,4.8,6,9.0,13905.63
CUST_186,prod_08,14,4024,6.4,3.3,3,10,9.4,2,5.4,
CUST_186,prod_03,115,5294,107.8,17.4,12,4,1.8,4,7.9,11439.25
CUST_186,prod_06,91,13148,157.9,19.1,11,1,2.7,5,11.1,11157.52
CUST_187,prod_10,16,3187,21.7,3.1,4,13,25.2,2,6.9,
CUST_187,prod_09,27,1002,42.6,0.8,5,7,15.0,2,6.0,3071.48
CUST_188,prod_08,10,2738,14.0,2.6,5,10,10.3,1,4.3,2068.36
CUST_188,prod_05,7,3453,18.2,1.5,6,9,18.0,2,5.9,
CUST_188,prod_04,82,12086,153.8,12.7,10,1,4.6,6,7.8,9367.15
CUST_189,prod_02,155,9998,95.8,14.9,17,4,6.0,4,7.6,12615.35
CUST_190,prod_06,78,20668,218.0,22.9,10,1,1.8,3,10.2,11091.08
CUST_190,prod_03,11,2000,37.0,3.4,5,8,12.8,2,4.7,1999.32
CUST_191,prod_07,174,11513,134.4,6.8,14,5,1.1,3,10.5,12442.82
CUST_191,prod_04,68,10002,142.4,15.1,13,4,5.9,7,9.6,10157.23
CUST_192,prod_08,29,1103,36.6,3.9,6,12,8.2,2,2.8,
CUST_193,prod_04,176,11379,94.0,12.0,10,4,1.2,6,7.4,12852.87
CUST_193,prod_05,74,7662,60.2,17.3,14,1,1.9,4,9.3,9835.69
CUST_194,prod_03,25,583,34.1,2.5,4,10,21.7,2,6.9,3095.64
CUST_194,prod_05,64,6159,91.5,7.0,12,1,7.5,6,6.8,9265.62
CUST_194,prod_01,54,6010,194.2,6.1,13,0,4.3,7,8.3,9270.75
CUST_195,prod_02,17,2496,9.2,4.8,5,7,8.4,1,4.9,2472.83
CUST_195,prod_01,29,4374,16.2,5.2,4,7,8.3,3,3.3,2953.59
CUST_196,prod_02,122,16849,205.2,6.7,12,4,4.4,7,7.8,11119.16
CUST_197,prod_07,19,3674,45.5,1.9,6,11,11.8,2,4.5,2724.27
CUST_197,prod_10,50,4485,30.0,1.5,7,12,14.9,2,3.2,4180.32
CUST_197,prod_03,172,6196,151.5,9.8,14,3,5.3,3,7.9,14996.32
CUST_198,prod_08,5,891,42.1,5.3,6,7,24.5,1,6.5,2221.17
CUST_198,prod_01,188,15237,96.6,10.1,11,1,8.6,8,8.7,
CUST_199,prod_10,18,892,39.7,2.3,5,12,20.7,3,6.1,3000.36
CUST_199,prod_07,66,8821,117.0,14.0,14,5,3.7,7,9.8,10850.12
CUST_199,prod_01,197,14636,122.7,15.2,10,1,3.1,7,9.9,18506.35
CUST_200,prod_04,170,13211,127.9,5.9,9,2,9.0,8,7.5,13789.94
CUST_201,prod_10,43,1104,17.4,5.2,7,13,22.3,1,4.2,4423.1
CUST_201,prod_08,166,17800,92.4,17.2,15,4,2.9,6,8.4,12727.67
CUST_201,prod_02,71,15035,169.6,4.8,11,2,3.8,4,9.5,
CUST_202,prod_07,92,12058,68.5,13.3,15,4,3.7,6,11.1,11471.26
CUST_203,prod_08,221,18451,186.4,5.5,8,5,1.7,5,8.2,
CUST_204,prod_02,22,499,40.5,0.5,4,8,19.7,3,4.1,2914.64
CUST_204,prod_01,189,10803,136.9,6.0,11,2,4.9,4,7.1,14937.09
CUST_205,prod_05,65,18413,135.4,13.0,8,3,6.5,2,8.3,7693.07
CUST_206,prod_01,51,4243,9.6,1.1,8,5,12.7,2,6.5,4767.21
CUST_206,prod_08,7,2703,25.5,1.6,4,6,13.4,2,6.8,2206.51
CUST_206,prod_06,104,16375,116.2,22.3,8,0,4.6,5,8.4,11072.38
CUST_207,prod_02,136,8427,137.2,15.8,11,3,6.5,7,9.4,13212.82
CUST_208,prod_04,37,1480,37.1,3.4,7,14,18.7,0,5.0,2857.89
CUST_209,prod_07,83,7660,45.1,8.6,15,2,4.6,5,5.8,10520.96
CUST_209,prod_04,41,767,25.4,3.3,3,12,17.8,1,5.4,3915.27
CUST_210,prod_06,28,2921,28.3,2.7,3,13,9.2,2,4.1,2628.1
CUST_211,prod_02,27,3719,52.9,3.5,3,5,11.4,1,3.8,3015.52
CUST_211,prod_07,116,15528,142.3,11.5,11,1,5.4,6,8.0,
CUST_212,prod_01,22,3779,44.7,3.0,4,12,16.1,2,3.9,2294.31
CUST_212,prod_08,190,12644,102.1,19.2,10,6,2.5,7,6.8,
CUST_213,prod_09,93,6412,118.0,8.5,8,0,3.0,5,8.3,8901.51
CUST_213,prod_10,198,7334,128.5,18.3,7,2,6.5,9,10.7,16997.62
CUST_214,prod_07,33,1467,9.6,2.0,3,8,9.6,2,4.1,3503.2
CUST_214,prod_02,123,9384,154.4,16.6,11,4,4.5,6,6.5,13490.54
CUST_214,prod_05,40,4047,33.8,3.6,5,7,20.8,2,5.2,
CUST_215,prod_09,182,10995,127.4,9.4,9,4,1.4,5,7.2,
CUST_215,prod_06,10,3150,41.6,3.5,5,7,11.4,1,5.8,2468.75
CUST_215,prod_05,57,14445,166.0,7.2,8,0,7.8,7,10.2,8724.06
CUST_216,prod_05,52,9015,82.6,15.8,13,5,5.2,7,6.4,
CUST_216,prod_01,130,13249,107.6,20.4,11,1,6.9,7,7.0,
CUST_217,prod_10,164,10785,68.1,15.0,9,3,5.3,4,6.9,11651.94
CUST_217,prod_04,179,13351,53.3,6.2,9,4,2.4,7,8.7,
CUST_217,prod_02,199,9309,84.8,13.9,10,1,1.7,5,8.6,14558.21
CUST_218,prod_09,56,17451,128.8,16.3,11,2,8.1,6,6.9,7939.77
CUST_219,prod_06,106,17015,159.9,18.6,12,4,4.3,8,7.8,
CUST_220,prod_07,182,7808,135.1,7.4,9,1,7.0,5,8.6,
CUST_221,prod_04,72,16149,158.9,6.5,13,1,5.0,6,10.9,10484.78
CUST_221,prod_08,23,3973,37.1,4.2,7,11,22.0,2,5.6,3607.25
CUST_222,prod_04,194,17407,116.4,9.0,10,2,1.1,4,10.9,14109.95
CUST_223,prod_10,13,1999,25.4,2.7,4,12,12.0,1,2.7,1907.2
CUST_223,prod_03,97,19755,120.7,13.8,12,1,8.2,6,10.6,11989.67
CUST_224,prod_01,175,15009,160.6,16.4,14,3,1.6,4,5.9,15738.51
CUST_224,prod_05,161,5941,115.0,6.8,8,4,2.8,7,8.4,14631.4
CUST_224,prod_09,110,16159,133.3,12.2,10,2,8.8,6,9.1,12486.37
CUST_225,prod_03,29,1272,17.5,3.5,6,10,10.1,1,4.3,
CUST_225,prod_08,169,9553,222.3,14.4,12,5,2.2,7,7.0,15166.5
CUST_226,prod_02,31,1318,47.2,0.6,5,9,7.1,1,5.5,2890.56
CUST_226,prod_10,104,11764,45.8,18.0,16,4,7.2,4,8.1,12045.15
CUST_226,prod_07,128,14957,92.8,6.3,10,2,7.7,6,9.5,12000.58
CUST_227,prod_01,73,8000,160.6,17.5,14,3,3.7,5,8.4,
CUST_227,prod_03,159,10179,211.5,12.6,12,2,1.1,6,7.1,12993.13
CUST_228,prod_05,79,18819,98.5,13.7,14,3,6.0,4,11.2,
CUST_228,prod_09,45,4205,19.5,1.3,5,7,14.4,3,7.5,3692.33
CUST_228,prod_08,32,1306,5.3,3.0,4,13,17.1,2,3.6,
CUST_229,prod_09,44,3734,27.8,5.2,5,12,13.4,1,3.8,
CUST_229,prod_06,35,1382,26.2,1.0,5,12,11.3,1,5.9,
CUST_230,prod_10,63,14230,85.9,20.0,11,1,4.3,7,8.5,9763.86
CUST_230,prod_05,77,12982,196.6,13.8,12,4,4.3,8,6.7,11048.39
CUST_230,prod_08,30,1852,27.4,3.2,5,11,23.8,1,4.6,2907.91
CUST_231,prod_10,109,9774,91.2,20.6,12,1,2.8,4,7.1,12624.31
CUST_231,prod_09,70,15033,136.2,12.2,16,4,1.7,4,9.3,9501.95
CUST_231,prod_02,112,8994,111.8,16.9,12,2,8.7,4,8.3,12094.65
CUST_232,prod_01,176,4599,104.0,13.5,13,2,3.7,5,8.0,14044.89
CUST_232,prod_02,42,3197,10.0,3.0,5,14,11.6,1,3.5,3119.41
CUST_233,prod_06,163,11237,81.2,9.4,11,1,4.0,7,10.9,14426.48
CUST_234,prod_09,175,8919,207.8,8.5,10,4,1.3,8,9.7,
CUST_234,prod_01,51,1694,15.7,2.0,5,8,22.6,2,5.1,4415.72
CUST_235,prod_04,130,7745,156.7,10.7,10,3,5.5,7,9.0,
CUST_236,prod_04,21,3428,47.6,3.2,5,10,27.6,2,3.2,2679.43
CUST_236,prod_01,49,12373,109.5,9.1,14,2,2.1,5,7.4,8731.4
CUST_236,prod_05,39,2914,6.0,2.3,2,9,11.9,1,3.7,3190.41
CUST_237,prod_02,139,8451,59.4,5.0,12,2,7.3,7,7.7,
CUST_238,prod_08,180,14033,182.5,16.1,13,4,8.4,4,7.5,13848.18
CUST_239,prod_03,7,2493,6.6,4.8,6,8,15.0,3,4.5,2659.29
CUST_239,prod_09,25,2939,26.1,4.4,7,14,11.4,3,7.9,3796.61
CUST_239,prod_06,133,17658,123.0,16.0,18,0,5.1,6,8.1,12638.99
CUST_240,prod_08,78,14237,117.9,6.5,13,4,6.0,6,6.7,8317.04
CUST_240,prod_05,148,21935,168.6,14.4,9,6,7.3,4,9.2,11743.09
CUST_241,prod_04,141,16785,74.2,13.6,11,0,9.0,3,11.2,14060.48
CUST_241,prod_02,54,6864,154.6,17.7,16,4,0.8,6,8.2,9417.38
CUST_241,prod_09,37,1091,21.5,4.7,5,12,27.4,1,5.6,3569.65
CUST_242,prod_08,30,4372,22.2,2.2,6,7,17.8,2,5.5,
CUST_242,prod_03,177,6864,202.8,10.2,12,4,5.4,6,9.0,14617.21
CUST_243,prod_10,31,990,26.6,1.6,4,14,17.6,3,5.3,2635.72
CUST_244,prod_04,161,22680,55.2,10.5,14,2,5.7,5,8.9,13120.93
CUST_244,prod_06,7,3101,22.1,3.0,5,6,16.0,0,7.2,2148.9
CUST_245,prod_06,121,14363,57.3,11.5,14,0,3.0,3,9.9,11229.11
CUST_246,prod_04,49,11520,158.2,17.0,15,1,5.2,5,10.4,9151.54
CUST_246,prod_01,150,17224,209.0,6.0,8,5,6.3,3,10.7,
CUST_247,prod_09,103,11657,187.1,7.2,12,3,6.9,6,7.4,10055.71
CUST_247,prod_07,82,10653,174.7,15.8,11,2,2.6,6,7.1,10374.82
CUST_248,prod_10,66,7742,100.8,6.0,15,3,4.4,5,7.0,8571.87
CUST_248,prod_08,137,20140,129.1,16.7,10,3,2.0,6,10.2,
CUST_248,prod_04,85,17390,142.0,5.8,7,3,3.4,3,7.6,9219.24
CUST_249,prod_04,34,2610,33.5,3.0,4,15,12.4,2,6.6,3365.33
CUST_249,prod_07,114,5857,152.9,8.0,10,4,5.8,7,8.6,11338.33
CUST_249,prod_02,27,2376,25.7,4.8,4,12,24.0,1,4.2,2789.97
CUST_250,prod_05,113,19965,91.0,7.5,10,3,2.4,5,9.8,10302.12
CUST_251,prod_03,28,1304,5.1,3.7,8,7,7.6,1,3.2,3092.09
CUST_252,prod_09,80,16953,57.8,8.4,16,6,1.4,5,8.2,9382.61
CUST_252,prod_10,57,8669,69.1,15.9,9,4,1.7,7,7.1,
CUST_252,prod_08,63,8015,93.3,13.2,15,1,2.5,6,10.2,10481.79
CUST_253,prod_03,43,3269,55.9,2.7,8,14,18.4,2,5.7,3810.59
CUST_253,prod_04,113,11168,93.4,9.6,8,2,5.5,6,8.6,11708.16
CUST_254,prod_02,19,2459,24.9,2.5,3,9,12.3,0,6.1,1927.99
CUST_254,prod_04,137,14276,101.7,8.5,10,5,2.2,8,7.2,14103.33
CUST_255,prod_05,38,3292,33.6,1.6,4,7,13.9,0,3.6,2649.4
CUST_255,prod_07,33,669,47.6,3.2,4,11,15.9,1,6.1,3626.64
CUST_255,prod_03,16,3371,35.4,4.7,5,10,20.3,0,4.5,2555.97
CUST_256,prod_01,32,3284,9.0,2.2,7,7,7.8,2,4.6,
CUST_256,prod_02,173,20292,70.0,21.3,12,1,2.7,6,8.1,
CUST_256,prod_04,170,5791,114.3,15.7,11,1,3.9,4,8.1,16961.94
CUST_257,prod_05,42,2194,53.3,3.5,4,7,19.0,1,4.6,3218.41
CUST_257,prod_06,150,13802,127.7,5.8,11,4,5.8,8,9.7,12634.9
CUST_258,prod_08,91,12979,102.6,15.1,12,3,3.6,5,9.2,
CUST_258,prod_04,95,12021,118.3,19.1,14,2,2.1,8,9.5,12283.57
CUST_259,prod_08,79,13945,173.1,16.6,8,1,6.3,5,8.6,11357.84
CUST_259,prod_06,50,9280,68.1,12.9,9,2,1.1,5,8.1,8257.86
CUST_259,prod_05,99,16517,103.6,8.1,10,2,3.5,4,9.2,10675.29
CUST_260,prod_01,145,7501,99.9,18.4,12,3,5.7,8,10.4,14758.59
CUST_261,prod_05,30,1400,6.8,1.9,8,12,25.4,2,4.9,3325.85
CUST_261,prod_09,18,3056,8.4,2.3,4,8,25.5,2,4.1,2186.39
CUST_262,prod_10,44,2183,5.2,3.4,5,12,21.0,1,4.5,3560.44
CUST_263,prod_04,198,8064,50.3,18.6,12,3,6.2,5,8.9,
CUST_263,prod_03,64,5022,194.3,16.2,15,1,3.5,6,9.8,10472.74
CUST_264,prod_07,180,17751,111.2,17.4,12,3,2.2,6,6.8,14800.67
CUST_265,prod_05,163,15278,113.0,15.1,15,1,6.2,6,9.3,14258.69
CUST_265,prod_06,56,19533,206.8,16.2,15,5,1.6,7,7.1,9419.41
CUST_266,prod_10,28,2668,17.9,1.1,6,7,18.4,3,5.4,3321.41
CUST_266,prod_09,8,2366,27.5,2.5,3,13,20.7,0,4.5,1706.93
CUST_267,prod_07,31,4088,25.1,3.0,5,14,15.0,1,5.7,3081.95
CUST_268,prod_07,153,13539,74.0,13.6,12,4,6.6,6,6.9,13312.34
CUST_269,prod_06,173,8462,86.5,13.0,12,4,1.2,5,9.8,15203.8
CUST_270,prod_05,165,19687,102.3,11.5,13,4,4.9,6,10.0,14103.27
CUST_270,prod_03,130,18815,188.6,6.0,12,4,7.9,3,6.9,
CUST_270,prod_02,21,2109,48.6,1.3,3,9,13.8,2,6.5,2606.87
CUST_271,prod_04,141,16086,161.2,11.4,8,1,7.9,5,8.0,14141.06
CUST_271,prod_07,68,13127,204.6,18.5,16,3,8.8,4,9.7,10709.87
CUST_271,prod_03,181,8492,129.8,17.4,13,4,6.8,8,10.0,17357.98
CUST_272,prod_03,18,4305,35.3,3.1,3,6,24.4,1,3.2,2254.84
CUST_272,prod_08,168,16154,103.2,8.4,14,2,2.4,5,9.3,15069.03
CUST_273,prod_03,65,20000,57.9,6.8,12,5,6.8,7,9.1,
CUST_274,prod_06,20,2092,32.2,3.0,8,11,20.4,2,7.2,3318.21
CUST_274,prod_07,51,5522,108.9,15.0,18,2,4.5,8,11.5,10598.98
CUST_275,prod_08,7,4549,22.0,1.2,3,7,15.3,3,5.5,2557.44
CUST_275,prod_09,51,10225,141.5,20.5,13,1,7.2,5,8.2,9338.26
CUST_276,prod_04,14,2859,28.1,1.6,6,7,12.8,2,4.8,2897.63
CUST_276,prod_01,200,6475,176.5,10.5,9,1,3.1,5,9.3,16479.52
CUST_277,prod_07,12,2877,5.8,2.1,8,12,20.7,1,5.1,2221.01
CUST_277,prod_03,93,16773,232.5,5.0,10,2,7.6,6,10.6,9782.09
CUST_277,prod_06,25,1648,17.8,4.4,4,6,13.6,2,5.7,2826.06
CUST_278,prod_01,22,1906,38.0,4.4,5,7,8.1,2,4.9,
CUST_279,prod_07,86,14314,227.5,19.1,9,4,2.5,8,11.0,
CUST_280,prod_04,167,15925,195.6,18.3,9,0,7.1,4,7.6,14853.57
CUST_280,prod_02,56,9082,107.2,14.9,14,0,1.0,3,7.0,8628.4
CUST_281,prod_07,51,19372,91.5,18.5,9,2,1.9,6,8.1,7842.08
CUST_281,prod_09,133,6551,137.3,11.8,9,3,2.9,7,6.5,12502.15
CUST_282,prod_08,157,18739,158.7,14.5,15,3,7.0,9,9.6,
CUST_282,prod_09,135,19786,133.9,14.4,14,0,3.0,6,6.5,
CUST_282,prod_04,97,4389,71.7,15.6,14,1,1.5,6,8.3,12270.68
CUST_283,prod_05,135,13614,103.3,19.6,13,3,6.2,6,7.0,14907.2
CUST_284,prod_01,45,1571,31.3,4.9,4,15,12.5,0,5.8,3721.99
CUST_284,prod_02,12,3091,24.7,1.8,8,10,9.3,2,6.2,2395.32
CUST_285,prod_07,226,12511,174.9,17.0,16,5,7.2,4,8.2,17287.66
CUST_286,prod_07,138,18881,102.2,17.5,13,3,6.5,6,8.3,13243.27
CUST_286,prod_02,62,11648,180.9,11.9,10,0,2.3,4,7.6,8886.03
CUST_286,prod_10,27,1396,44.2,2.9,9,15,14.5,3,4.3,3582.56
CUST_287,prod_07,227,11787,164.6,14.9,10,3,7.4,5,8.1,16199.77
CUST_288,prod_08,170,14642,174.7,16.3,12,1,3.9,6,8.8,15410.52
CUST_288,prod_06,132,12020,61.0,19.4,14,1,7.9,5,7.9,13611.7
CUST_289,prod_09,89,8735,101.9,8.3,15,4,4.6,7,9.2,10053.68
CUST_290,prod_02,195,7863,83.6,13.7,14,2,1.0,3,8.3,
CUST_291,prod_03,44,1992,40.8,1.4,5,13,23.2,1,6.6,4003.08
CUST_291,prod_10,31,3598,8.6,1.4,5,14,7.4,1,4.8,2758.7
CUST_292,prod_06,108,11299,167.1,8.0,12,2,2.1,5,8.3,11004.21
CUST_292,prod_03,136,18991,127.1,5.6,14,4,1.1,8,11.6,10915.75
CUST_293,prod_07,172,5680,183.7,10.0,11,2,8.2,3,6.0,11659.52
CUST_293,prod_04,154,15929,97.0,12.5,15,1,1.1,6,8.3,12976.93
CUST_293,prod_10,86,21630,162.9,5.5,10,5,1.5,5,7.8,9737.23
CUST_294,prod_07,77,11375,150.8,13.2,10,5,5.1,8,7.9,9163.39
CUST_294,prod_02,120,12215,72.5,5.2,12,2,8.4,5,6.4,11006.69
CUST_294,prod_08,153,9752,166.9,20.1,10,4,6.9,5,9.3,
CUST_295,prod_09,129,16862,111.2,6.9,11,4,5.4,6,7.3,
CUST_295,prod_10,98,10183,193.6,16.1,12,0,4.9,5,8.0,
CUST_295,prod_06,32,1862,25.3,2.4,5,7,9.8,0,6.3,
CUST_296,prod_07,222,17652,61.3,5.9,14,4,2.4,3,10.2,
CUST_296,prod_06,13,994,47.6,1.4,4,16,19.5,1,5.8,1765.35
CUST_296,prod_09,52,2499,11.8,3.6,4,8,13.6,0,3.8,
CUST_297,prod_10,143,5940,60.5,6.4,7,0,4.1,6,10.8,13817.86
CUST_297,prod_09,187,19977,141.8,12.1,10,2,2.6,6,8.8,14800.1
CUST_297,prod_03,55,6907,73.7,14.5,8,2,7.1,3,9.7,7593.51
CUST_298,prod_04,122,8492,63.6,6.2,9,5,6.4,7,8.1,11585.99
CUST_299,prod_03,40,5253,40.2,3.7,2,6,13.5,2,6.0,
CUST_300,prod_01,5,4569,17.2,3.2,2,8,14.5,2,4.8,
CUST_301,prod_01,105,13437,157.6,20.6,11,4,6.4,5,9.7,
CUST_301,prod_03,107,17171,90.6,18.8,14,6,4.0,5,8.2,
CUST_302,prod_07,113,18026,99.5,9.4,14,2,5.3,8,9.6,13009.18
CUST_302,prod_05,146,21183,138.0,9.3,14,2,9.5,4,7.3,
CUST_302,prod_03,17,4637,44.5,2.3,5,5,11.5,1,6.3,
CUST_303,prod_09,44,4959,9.5,1.1,5,14,17.2,2,5.4,
CUST_303,prod_02,104,11491,52.7,9.2,10,3,2.5,4,10.6,11834.5
CUST_304,prod_01,72,5671,59.3,19.0,13,3,7.2,9,9.2,9949.58
CUST_305,prod_02,8,1100,41.5,4.8,7,4,18.3,2,6.3,2681.56
CUST_305,prod_07,20,3240,48.4,5.4,8,5,17.5,1,3.8,3585.67
CUST_305,prod_03,196,18930,150.8,15.5,12,5,4.5,3,10.6,16560.06
CUST_306,prod_01,82,16855,178.3,6.0,11,1,6.3,8,7.0,
CUST_306,prod_10,24,4568,13.8,2.1,6,9,8.8,3,6.1,3388.7
CUST_307,prod_04,42,1085,5.9,2.5,5,12,14.1,2,3.5,3887.09
CUST_308,prod_09,50,2728,14.3,1.1,7,13,10.8,1,6.9,
CUST_308,prod_03,26,1468,36.6,4.1,6,9,10.8,0,4.2,2991.06
CUST_308,prod_01,117,6605,103.0,5.5,10,2,5.9,5,8.5,11505.82
CUST_309,prod_03,33,702,5.8,3.0,4,7,9.3,1,6.6,
CUST_310,prod_06,98,15336,131.4,8.5,11,1,4.0,3,6.7,10561.11
CUST_310,prod_10,134,7360,93.2,14.1,10,3,8.0,4,8.3,11184.14
CUST_310,prod_07,210,6768,79.9,5.3,11,4,3.6,5,10.2,15347.82
CUST_311,prod_04,159,8989,61.2,15.4,14,1,5.8,3,6.9,
CUST_311,prod_05,82,18482,135.1,9.5,16,5,2.6,4,9.9,10867.87
CUST_312,prod_09,133,6902,170.0,6.7,9,4,4.2,7,11.4,13017.77
CUST_313,prod_07,107,15940,119.6,7.0,8,3,4.0,6,7.6,9174.8
CUST_314,prod_05,154,8673,52.9,4.7,15,4,1.4,7,8.7,13104.66
CUST_315,prod_05,161,9553,93.3,13.2,16,1,1.2,6,10.9,14716.28
CUST_316,prod_07,37,4074,23.6,1.4,8,5,14.6,2,7.3,4448.97
CUST_316,prod_10,153,9532,173.6,11.8,7,1,8.1,4,8.1,14213.56
CUST_317,prod_05,12,784,16.9,4.5,4,6,20.2,1,3.0,
CUST_317,prod_09,147,20047,79.4,14.2,9,1,5.5,8,9.1,14420.28
CUST_317,prod_04,113,9169,68.0,11.8,8,1,7.5,6,10.6,12044.78
CUST_318,prod_04,137,15280,176.3,22.0,14,2,4.6,8,7.9,13016.61
CUST_318,prod_05,76,15689,126.0,13.7,12,3,3.0,4,8.1,8814.55
CUST_318,prod_07,115,14254,50.0,9.6,8,3,1.6,8,8.4,10183.83
CUST_319,prod_08,179,20648,71.9,15.5,14,1,5.5,5,8.6,
CUST_320,prod_10,151,16223,128.3,11.2,14,3,8.7,5,8.9,13468.36
CUST_320,prod_07,187,15072,137.6,14.8,12,0,5.9,3,8.8,15273.25
CUST_321,prod_10,16,1323,46.0,1.1,5,11,14.9,1,5.6,2494.45
CUST_322,prod_08,48,5971,149.8,11.7,13,3,2.2,4,8.0,8184.3
CUST_323,prod_04,28,1637,16.8,4.1,6,10,24.9,2,4.2,3816.93
CUST_323,prod_05,45,4233,16.6,0.7,8,11,8.1,0,5.8,
CUST_323,prod_06,5,4443,39.9,4.2,4,7,13.3,0,5.8,1722.17
CUST_324,prod_02,57,1611,48.9,4.7,7,10,21.3,0,3.4,5105.44
CUST_324,prod_06,100,15403,153.2,8.4,10,0,2.8,4,7.3,9256.85
CUST_324,prod_03,52,4755,26.4,2.8,4,13,13.4,2,4.8,
CUST_325,prod_03,151,5965,151.4,17.3,14,2,5.0,7,8.7,15735.68
CUST_325,prod_10,121,17102,197.0,21.7,9,0,7.4,7,11.6,14565.15
CUST_325,prod_07,87,10222,154.3,7.2,12,0,1.1,6,7.0,10136.92
CUST_326,prod_02,189,13468,87.1,16.0,15,2,5.8,3,9.5,14040.36
CUST_327,prod_06,6,626,21.6,0.6,3,11,12.6,1,3.1,1066.18
CUST_327,prod_10,165,5436,140.2,14.5,12,5,1.2,6,6.0,
CUST_328,prod_03,131,13232,171.0,8.3,14,6,1.0,4,8.2,11027.25
CUST_328,prod_10,212,6100,63.4,14.7,16,1,5.4,3,6.1,17027.11
CUST_329,prod_10,172,5245,81.0,11.7,11,2,6.3,5,9.4,14621.29
CUST_329,prod_07,173,5102,103.4,14.7,13,2,2.9,5,7.6,14789.55
CUST_330,prod_07,31,1394,25.4,3.1,6,6,16.5,0,4.1,
CUST_330,prod_06,65,15375,152.8,9.5,12,1,2.6,3,7.2,9396.0
CUST_330,prod_04,152,9073,163.4,18.0,17,1,7.1,6,6.6,13402.33
CUST_331,prod_04,101,6685,112.1,9.7,14,0,4.8,5,7.2,10004.04
CUST_331,prod_10,123,16034,67.0,11.4,8,5,1.2,9,8.3,12049.9
CUST_332,prod_03,153,5097,66.0,18.5,10,3,4.6,7,8.8,14446.68
CUST_332,prod_06,20,3459,38.5,1.1,4,6,14.5,1,5.0,2142.17
CUST_333,prod_03,73,13444,61.1,8.4,15,0,7.1,9,9.2,11428.78
CUST_334,prod_04,139,14012,56.4,12.5,15,0,4.5,3,7.6,11444.39
CUST_335,prod_01,37,3219,23.3,4.0,7,10,14.1,0,6.1,
CUST_335,prod_08,92,7045,147.8,4.4,10,2,1.3,6,9.7,
CUST_335,prod_05,32,817,7.8,2.1,3,11,17.9,1,6.2,3028.58
CUST_336,prod_03,43,2062,51.3,2.8,7,8,16.2,2,4.9,
CUST_337,prod_07,165,6744,169.7,21.9,9,2,3.4,8,8.0,
CUST_337,prod_10,13,1147,32.8,0.6,6,6,20.0,2,6.9,2712.33
CUST_337,prod_04,18,1961,15.7,3.6,7,6,7.3,3,5.6,
CUST_338,prod_01,54,3026,24.7,3.3,6,6,11.5,2,3.1,5244.77
CUST_338,prod_06,11,2047,25.5,3.3,5,16,10.0,1,4.7,
CUST_338,prod_02,151,9277,174.1,20.4,14,2,9.0,3,10.8,13610.39
CUST_339,prod_05,7,1318,6.6,3.5,4,11,7.8,1,5.0,1990.53
CUST_339,prod_08,78,14068,110.0,14.5,13,3,8.3,6,8.8,10528.5
CUST_340,prod_07,132,6235,132.9,13.7,9,5,7.4,5,9.7,
CUST_341,prod_06,158,7066,71.7,9.0,9,5,4.7,6,7.8,14226.94
CUST_341,prod_08,19,713,36.4,1.9,5,14,16.7,0,6.8,1732.1
CUST_341,prod_04,54,16046,164.7,18.0,14,2,5.8,6,10.0,9225.76
CUST_342,prod_09,63,7883,155.3,15.8,16,0,1.4,4,8.0,10138.35
CUST_342,prod_04,30,2697,15.5,1.8,2,6,8.8,0,5.5,2679.76
CUST_342,prod_06,150,8621,137.6,9.2,13,4,8.7,6,8.2,
CUST_343,prod_05,167,12219,148.6,15.1,11,3,5.8,6,7.4,14445.72
CUST_343,prod_07,174,4558,210.3,10.8,14,3,3.1,4,6.6,13898.89
CUST_343,prod_10,38,3494,7.7,1.0,2,12,15.0,0,3.9,2255.21
CUST_344,prod_09,168,8640,140.1,7.7,11,3,7.3,5,9.0,14908.74
CUST_344,prod_05,136,17576,77.3,7.7,11,2,4.3,4,6.6,12412.95
CUST_344,prod_03,131,13642,94.4,20.3,8,0,7.9,9,8.5,13558.19
CUST_345,prod_10,155,8801,111.9,6.0,12,4,5.6,4,8.8,
CUST_345,prod_09,60,7799,196.1,13.5,11,1,4.2,5,9.1,8917.7
CUST_346,prod_06,71,4531,54.7,12.9,13,1,1.0,8,8.7,10400.32
CUST_346,prod_03,33,4383,22.0,4.0,8,10,23.4,0,4.3,3482.72
CUST_347,prod_10,61,5972,121.4,20.4,12,1,4.1,4,8.1,9795.69
CUST_347,prod_08,179,16518,78.0,10.3,10,3,7.4,5,7.2,
CUST_347,prod_04,170,4308,66.6,9.1,8,3,3.1,7,7.4,12874.96
CUST_348,prod_06,158,16472,129.6,14.1,11,4,4.6,7,7.4,15453.11
CUST_348,prod_07,212,18654,236.9,22.2,11,4,8.6,3,6.8,16910.32
CUST_348,prod_04,216,20914,126.0,9.4,12,3,5.4,6,8.0,
CUST_349,prod_01,11,880,10.4,1.2,6,12,25.3,1,4.5,1562.84
CUST_350,prod_10,133,7570,150.7,9.3,11,3,5.2,7,7.1,10095.58
CUST_351,prod_01,119,14596,89.2,17.9,8,0,9.0,6,8.4,
CUST_351,prod_04,136,14977,123.7,6.7,15,2,5.9,7,7.7,12173.86
CUST_352,prod_08,182,7402,165.9,11.4,9,3,4.3,7,7.4,
CUST_352,prod_01,97,6016,130.3,17.9,12,4,4.5,9,6.6,
CUST_352,prod_05,220,15169,127.7,10.8,13,2,7.9,5,8.6,19679.78
CUST_353,prod_10,165,16098,108.0,14.3,16,1,6.4,5,8.5,13173.09
CUST_353,prod_05,143,6044,165.1,15.1,15,3,5.0,7,11.2,15133.89
CUST_353,prod_08,132,5134,157.8,13.4,10,0,2.4,7,8.1,12627.96
CUST_354,prod_08,125,10744,89.5,19.4,9,1,9.3,4,7.3,11822.28
CUST_354,prod_02,162,14001,66.8,8.2,13,2,1.1,6,6.7,13911.75
CUST_354,prod_07,183,10249,134.9,8.9,9,6,4.9,4,7.1,14637.41
CUST_355,prod_01,17,1043,45.8,3.0,7,16,8.6,1,5.2,2767.05
CUST_355,prod_05,57,2253,24.6,0.6,4,6,22.3,3,6.2,5006.79
CUST_355,prod_02,120,13030,68.6,8.8,9,4,3.7,4,9.7,10076.64
CUST_356,prod_10,124,18233,174.9,17.8,10,5,1.8,7,7.2,13155.77
CUST_356,prod_06,216,13308,157.8,6.7,7,3,3.7,7,10.3,13820.41
CUST_357,prod_08,56,9257,64.0,14.2,11,0,8.0,8,7.2,8861.89
CUST_357,prod_09,9,1159,42.6,1.1,5,8,19.0,0,6.2,
CUST_357,prod_07,134,17613,95.0,6.4,13,4,3.8,7,8.4,11191.22
CUST_358,prod_05,55,11376,107.4,21.8,8,4,4.4,4,9.6,10482.17
CUST_359,prod_04,184,4676,91.7,16.8,10,2,5.2,3,8.2,
CUST_360,prod_09,20,692,47.1,2.8,7,6,20.9,3,4.4,
CUST_361,prod_01,8,5501,21.8,0.8,3,12,25.1,2,4.4,1392.96
CUST_361,prod_03,51,1153,40.7,3.2,4,13,11.7,0,4.3,3487.96
CUST_362,prod_06,96,4898,134.3,12.9,12,1,5.1,3,7.2,10886.26
CUST_362,prod_05,62,5891,105.8,21.9,9,1,4.2,5,11.4,
CUST_362,prod_04,101,17196,66.4,8.9,11,0,6.0,6,8.8,12042.93
CUST_363,prod_05,58,6139,185.1,12.9,10,5,3.9,4,7.5,8385.67
CUST_364,prod_08,139,11367,204.0,6.6,13,4,4.3,3,6.5,
CUST_365,prod_01,133,17064,143.2,16.2,14,1,3.5,4,6.7,
CUST_366,prod_10,60,12067,130.6,10.9,15,4,1.3,8,7.8,9759.58
CUST_366,prod_08,21,824,50.1,4.9,5,9,18.3,0,6.4,2830.12
CUST_366,prod_07,83,10811,126.2,5.4,9,3,8.0,3,7.8,8964.13
CUST_367,prod_01,140,7064,202.0,16.4,15,1,7.2,3,10.6,14785.13
CUST_368,prod_10,133,12166,180.9,10.1,14,2,6.6,5,9.0,12880.3
CUST_368,prod_03,28,2955,16.2,4.4,3,12,18.3,1,4.2,2790.16
CUST_369,prod_09,28,2624,23.4,2.1,6,11,8.8,2,6.1,3087.15
CUST_369,prod_02,123,13425,161.7,18.0,9,2,4.4,8,6.2,14685.06
CUST_369,prod_08,104,10925,190.1,6.7,10,4,1.3,8,8.3,9757.84
CUST_370,prod_06,81,18415,117.8,6.4,12,2,1.8,7,7.6,10849.95
CUST_370,prod_01,22,3222,42.0,1.7,7,6,10.9,2,4.4,3107.89
CUST_370,prod_07,12,3459,40.8,4.3,7,12,7.4,2,5.9,2689.12
CUST_371,prod_10,193,22154,122.6,15.9,8,1,4.1,6,7.2,16416.84
CUST_371,prod_04,172,9446,212.9,8.7,12,0,3.2,4,11.6,13588.03
CUST_372,prod_09,75,13976,164.8,14.5,13,0,6.1,4,9.3,9781.21
CUST_372,prod_05,14,4587,24.2,3.0,3,16,18.6,1,3.0,1575.45
CUST_372,prod_10,83,8594,123.2,14.3,14,1,6.9,6,9.2,11123.02
CUST_373,prod_05,117,11635,118.4,20.6,9,1,3.4,4,8.7,11789.43
CUST_373,prod_07,80,17004,149.5,13.5,16,5,1.7,5,6.4,8738.11
CUST_374,prod_04,147,11607,78.0,21.3,13,1,1.7,4,9.4,
CUST_374,prod_10,42,1630,14.2,4.0,3,12,20.0,2,3.3,3424.39
CUST_374,prod_09,20,2005,23.3,1.5,3,7,14.2,2,3.4,2215.6
CUST_375,prod_01,197,9808,162.7,18.7,10,2,4.7,10,9.6,19844.36
CUST_376,prod_02,54,4245,24.1,3.5,3,10,19.5,2,5.0,
CUST_376,prod_04,152,15550,91.4,5.1,8,3,7.1,5,9.1,13606.21
CUST_377,prod_01,25,3176,41.9,3.7,3,6,22.0,2,5.9,3459.66
CUST_377,prod_03,155,11967,59.8,16.3,10,5,2.7,6,7.0,14159.61
CUST_377,prod_02,162,14374,67.0,5.2,10,4,4.6,4,9.1,10850.74
CUST_378,prod_01,8,2676,10.8,1.5,4,9,17.3,2,2.9,2071.82
CUST_378,prod_09,36,3897,52.4,4.7,5,16,22.5,1,7.6,
CUST_379,prod_05,149,19439,83.2,15.0,13,4,3.1,6,8.1,14836.85
CUST_379,prod_02,151,16426,90.3,17.5,16,3,3.6,4,7.6,14349.08
CUST_379,prod_04,130,17451,53.5,9.9,8,1,1.1,4,10.7,11403.37
CUST_380,prod_06,33,1806,5.6,3.0,6,14,19.2,1,4.2,
CUST_381,prod_02,220,15163,142.5,18.8,12,4,2.5,5,6.9,18906.33
CUST_381,prod_08,46,2174,42.6,2.8,5,8,12.5,1,4.8,4002.41
CUST_381,prod_04,211,7094,99.7,20.0,12,3,3.2,7,9.1,18228.34
CUST_382,prod_07,42,12240,61.9,20.4,10,2,1.7,4,6.5,8884.54
CUST_382,prod_02,62,6243,71.0,12.5,9,5,4.3,3,10.3,8560.89
CUST_382,prod_06,161,5443,83.3,7.7,15,1,3.0,7,11.8,
CUST_383,prod_09,28,1219,15.4,2.6,8,7,13.0,1,2.9,3068.47
CUST_383,prod_07,34,5317,26.6,3.0,5,12,16.7,1,5.4,
CUST_384,prod_10,188,11754,215.6,14.0,17,4,2.4,6,10.1,16424.43
CUST_384,prod_04,28,2805,54.8,5.4,5,13,18.3,2,3.0,2948.15
CUST_385,prod_10,178,21615,76.9,13.5,11,5,1.1,8,9.9,
CUST_385,prod_02,9,1032,21.0,2.6,5,6,10.2,2,5.6,2342.55
CUST_385,prod_08,135,16449,120.0,13.1,16,3,1.4,6,7.0,11640.26
CUST_386,prod_05,94,14647,88.9,6.5,14,4,3.9,6,10.5,10252.59
CUST_387,prod_02,38,2415,38.6,1.7,6,12,13.0,0,5.0,3468.32
CUST_387,prod_01,5,4692,43.6,3.1,5,8,12.8,1,3.9,1753.02
CUST_388,prod_07,28,2808,4.9,1.5,5,16,18.6,2,3.9,2926.46
CUST_389,prod_06,11,1889,51.1,2.4,7,8,24.5,1,4.5,2230.76
CUST_390,prod_08,179,9075,70.7,16.2,15,3,5.8,8,8.1,15378.0
CUST_391,prod_07,180,15336,80.0,21.5,11,2,4.8,5,9.8,
CUST_392,prod_03,198,9177,121.2,19.7,16,1,6.4,7,8.3,17511.67
CUST_392,prod_07,102,12703,92.5,10.8,9,3,5.5,6,9.9,11212.54
CUST_393,prod_02,12,1610,47.2,2.3,5,5,7.8,2,4.2,2835.35
CUST_393,prod_07,26,2551,10.2,3.6,3,11,15.3,1,6.1,2794.4
CUST_393,prod_09,82,14405,152.9,9.4,16,3,6.2,8,7.3,10799.77
CUST_394,prod_06,137,17979,159.9,7.5,11,1,5.6,9,9.7,
CUST_394,prod_08,37,4145,51.6,4.7,6,16,14.7,0,4.3,2851.09
CUST_394,prod_10,131,5017,68.6,9.1,16,4,0.9,4,8.1,11263.18
CUST_395,prod_06,135,22383,52.4,18.8,11,4,3.6,5,8.4,13780.69
CUST_395,prod_05,233,9469,80.5,12.8,10,2,8.1,8,7.8,
CUST_395,prod_04,175,15935,110.8,8.2,9,2,5.3,4,9.1,14713.82
CUST_396,prod_05,50,1818,21.7,3.7,4,6,15.4,3,6.1,5015.22
CUST_397,prod_09,32,3811,17.3,1.7,4,13,23.5,2,4.8,2781.54
CUST_397,prod_04,164,17717,174.1,8.1,16,1,5.0,6,8.1,13956.8
CUST_398,prod_09,8,2991,24.9,1.5,3,9,17.4,2,6.5,1834.12
CUST_398,prod_06,164,14429,64.4,14.6,11,5,3.6,3,10.1,13590.2
CUST_399,prod_08,38,4062,45.0,3.4,5,12,14.9,3,7.2,
CUST_399,prod_09,147,17275,122.8,8.3,10,2,1.1,4,8.0,11608.89
CUST_399,prod_07,24,2855,42.8,1.8,5,15,11.9,2,3.5,2974.77
CUST_400,prod_02,29,2817,28.7,3.3,6,7,22.3,1,4.4,3513.05
CUST_400,prod_04,17,595,7.9,2.3,4,13,15.9,3,5.0,2926.87
CUST_400,prod_01,85,16836,153.0,15.3,11,0,3.7,3,9.5,9338.18
CUST_401,prod_08,56,9167,106.4,11.9,8,0,3.0,8,7.2,9199.52
CUST_401,prod_02,47,9509,194.2,14.1,9,2,6.4,8,7.3,8225.69
CUST_401,prod_01,102,12988,70.7,9.7,10,1,4.7,6,10.2,
CUST_402,prod_01,98,18907,102.8,5.3,12,0,3.3,4,7.9,10098.82
CUST_403,prod_01,30,2572,31.8,2.8,5,16,15.2,1,3.8,3223.65
CUST_403,prod_04,21,5369,32.4,1.8,3,9,11.5,1,3.6,
CUST_404,prod_07,152,10339,113.8,14.0,15,1,3.2,3,8.5,12594.72
CUST_405,prod_04,95,9368,71.7,13.7,11,1,7.8,4,7.1,10814.15
CUST_405,prod_09,46,5854,26.6,2.8,5,6,12.9,3,5.0,5001.51
CUST_406,prod_07,47,1046,25.3,4.3,5,10,13.8,3,4.8,4011.67
CUST_406,prod_08,42,621,25.9,1.5,6,12,8.4,2,5.9,3755.1
CUST_406,prod_10,27,3615,16.5,5.3,6,8,17.8,2,5.0,
CUST_407,prod_05,97,15693,82.5,20.3,9,4,1.5,8,11.4,11950.5
CUST_407,prod_07,26,4141,14.2,0.9,5,7,19.2,1,3.4,2397.7
CUST_407,prod_10,103,12264,188.3,5.8,10,2,1.4,9,6.4,
CUST_408,prod_09,158,15804,122.9,7.1,9,4,8.2,7,8.4,12099.45
CUST_408,prod_04,81,8489,129.7,7.0,17,3,6.5,6,8.8,10907.0
CUST_409,prod_02,42,3083,40.5,4.7,4,10,14.5,0,6.0,3175.01
CUST_410,prod_09,113,15822,103.0,13.7,13,3,2.8,6,7.5,12072.2
CUST_410,prod_10,109,7832,64.6,6.7,16,0,5.0,7,6.8,10416.17
CUST_410,prod_06,98,10192,130.4,15.6,16,3,7.5,3,9.3,12126.76
CUST_411,prod_05,48,2460,19.6,3.5,5,5,14.9,1,7.9,4565.7
CUST_411,prod_06,175,13826,57.3,16.8,11,3,2.2,4,6.8,13102.01
CUST_412,prod_08,142,7790,90.8,14.2,10,2,4.0,7,6.2,11644.31
CUST_413,prod_09,116,11525,197.8,13.0,7,6,2.0,3,10.4,12036.77
CUST_413,prod_05,105,17531,72.0,12.5,17,6,5.4,5,8.9,
CUST_414,prod_10,97,7709,161.6,18.2,14,3,6.1,4,9.1,
CUST_414,prod_07,40,1094,36.3,3.3,6,14,18.8,2,3.6,3636.03
CUST_415,prod_02,191,15586,140.6,6.7,11,0,3.0,3,9.0,13817.2
CUST_415,prod_06,27,3095,12.6,4.0,3,11,15.5,0,4.8,2657.49
CUST_415,prod_08,181,15111,96.3,10.7,10,0,4.1,3,11.0,16004.54
CUST_416,prod_09,199,14612,117.7,17.2,10,4,3.4,4,10.2,15073.89
CUST_416,prod_06,43,4377,5.3,5.3,8,5,10.9,3,3.9,4862.5
CUST_417,prod_03,41,4216,38.0,2.8,3,14,15.6,0,8.1,
CUST_417,prod_04,163,15185,110.5,6.4,14,1,5.9,8,8.1,14350.23
CUST_417,prod_05,230,12631,144.9,9.8,10,1,1.6,9,7.5,
CUST_418,prod_01,188,6746,71.2,14.3,11,4,5.1,5,9.4,14203.41
CUST_419,prod_10,170,9591,204.7,15.4,10,2,4.2,5,6.1,
CUST_419,prod_06,21,1131,36.9,1.8,4,8,21.8,2,3.2,2344.38
CUST_419,prod_08,15,3426,21.6,0.9,4,10,22.2,3,6.6,
CUST_420,prod_06,88,12309,77.4,21.7,10,4,4.6,6,7.7,12182.01
CUST_421,prod_09,40,682,42.6,1.9,8,10,22.9,2,5.8,4461.67
CUST_421,prod_03,27,1991,48.9,4.0,6,11,16.1,0,3.7,2746.36
CUST_421,prod_06,67,14163,66.9,11.3,15,0,2.9,4,9.2,
CUST_422,prod_08,30,2723,13.7,2.6,5,9,14.0,1,4.5,3585.68
CUST_422,prod_05,147,7137,48.0,9.6,8,3,7.6,9,10.8,15591.23
CUST_422,prod_06,4,1647,50.7,1.2,7,5,20.4,1,5.1,2306.6
CUST_423,prod_07,121,13800,72.7,21.8,10,1,3.8,6,7.5,11769.89
CUST_424,prod_01,54,2406,13.3,3.3,8,7,11.6,3,6.8,
CUST_425,prod_10,48,6376,139.9,14.4,10,2,2.8,3,7.4,
CUST_425,prod_05,81,19263,164.3,21.9,8,1,1.6,9,8.4,11213.05
CUST_425,prod_03,76,15558,206.0,4.4,10,2,7.8,8,11.6,9012.47
CUST_426,prod_03,42,2471,21.0,4.4,6,6,14.8,1,6.5,
CUST_426,prod_01,201,9614,57.9,15.7,13,4,5.9,7,6.8,16846.48
CUST_426,prod_10,116,14420,196.6,10.4,12,3,5.0,7,8.2,13700.76
CUST_427,prod_08,41,3129,4.6,0.8,4,7,21.2,0,3.9,3195.37
CUST_427,prod_10,160,14686,138.1,15.8,13,0,4.7,6,7.3,15258.06
CUST_428,prod_03,69,8583,97.2,12.9,13,4,8.5,5,7.0,8983.88
CUST_429,prod_03,45,647,7.0,3.6,3,12,15.1,0,7.1,3609.75
CUST_429,prod_05,8,4543,18.5,5.2,4,8,12.1,1,5.5,
CUST_429,prod_09,9,769,41.5,2.8,3,9,17.3,1,3.9,
CUST_430,prod_01,18,2754,43.8,3.3,7,5,16.8,1,4.5,3359.92
CUST_430,prod_04,16,1931,15.2,4.3,6,7,14.1,3,5.1,3093.73
CUST_431,prod_04,53,2731,34.5,4.4,9,11,14.4,1,3.4,4210.96
CUST_432,prod_01,53,1309,33.9,4.1,6,9,14.1,2,6.5,4993.5
CUST_433,prod_06,34,1714,28.3,3.1,3,12,20.6,1,5.9,2771.67
CUST_433,prod_01,19,3427,12.7,2.3,8,7,24.9,1,2.9,2816.59
CUST_433,prod_07,103,16975,65.0,17.7,13,6,7.3,5,8.2,
CUST_434,prod_03,14,2872,33.8,1.2,8,15,17.0,2,7.7,
CUST_434,prod_05,36,4348,44.9,4.0,4,5,13.4,1,4.6,3316.64
CUST_435,prod_01,98,14138,74.3,5.1,11,2,4.6,7,10.2,10625.03
CUST_436,prod_04,138,18523,74.3,5.8,13,5,7.7,5,6.5,
CUST_437,prod_06,28,2302,9.5,4.9,4,14,10.3,1,6.5,2983.59
CUST_437,prod_01,131,15418,143.4,13.8,11,5,5.4,7,8.1,12263.16
CUST_437,prod_10,114,19650,188.2,16.9,13,3,4.4,8,10.6,13499.58
CUST_438,prod_07,66,16352,100.5,10.8,11,0,4.3,4,7.7,
CUST_438,prod_06,86,16742,67.1,6.5,11,0,3.9,5,6.2,
CUST_438,prod_08,145,6875,102.7,9.2,13,2,1.9,4,10.1,13325.69
CUST_439,prod_02,35,1490,40.9,0.8,5,5,16.9,2,6.5,
CUST_440,prod_07,142,9503,158.6,19.1,14,1,4.1,4,7.0,14330.26
CUST_440,prod_06,178,17851,189.4,19.3,14,5,5.8,6,9.1,17595.98
CUST_441,prod_10,43,768,29.4,1.3,5,6,8.7,2,6.2,
CUST_442,prod_07,22,1184,14.4,4.7,8,6,14.1,1,3.7,3363.4
CUST_443,prod_06,120,13246,106.8,18.3,10,4,6.5,8,8.7,13454.46
CUST_443,prod_08,112,18044,142.0,12.4,15,0,1.8,7,7.9,13099.83
CUST_444,prod_04,168,8325,163.2,20.0,14,0,1.6,6,11.3,16508.51
CUST_444,prod_06,49,17612,114.6,16.7,12,4,5.3,5,9.6,9585.41
CUST_445,prod_01,20,1754,24.3,1.0,5,13,8.9,1,4.5,2032.99
CUST_445,prod_07,143,7239,117.3,7.8,12,4,3.8,6,10.7,12483.18
CUST_446,prod_06,10,3614,27.7,3.5,8,11,24.8,2,6.7,2716.89
CUST_446,prod_03,38,3110,42.6,3.1,5,11,10.7,1,5.9,3317.0
CUST_447,prod_06,49,5290,104.9,6.9,7,2,6.2,7,8.9,
CUST_447,prod_01,20,3298,34.3,5.8,7,6,19.9,1,6.1,
CUST_447,prod_08,11,1443,38.1,4.0,7,9,11.1,2,4.3,2956.3
CUST_448,prod_01,11,2236,27.7,2.1,8,9,9.7,1,3.1,
CUST_448,prod_02,17,3995,39.2,2.9,3,11,11.1,1,3.6,
CUST_448,prod_05,12,3207,45.2,0.6,6,7,19.6,0,3.7,1775.36
CUST_449,prod_10,155,19404,57.9,12.7,10,2,1.6,4,8.8,14635.23
CUST_449,prod_09,35,1267,19.1,3.9,4,13,25.6,0,7.3,3350.53
CUST_449,prod_05,94,16638,123.5,8.6,10,4,3.4,4,10.0,9000.7
CUST_450,prod_06,5,2993,35.6,1.6,5,12,13.0,0,5.3,1319.02
CUST_451,prod_07,15,2519,41.1,4.2,6,7,26.9,2,4.5,2459.6
CUST_452,prod_09,101,23165,159.0,13.1,9,2,6.5,7,8.7,10338.56
CUST_453,prod_08,18,1142,38.7,1.7,6,9,21.7,0,4.2,2228.18
CUST_453,prod_03,191,12902,105.4,15.1,11,3,4.0,5,8.3,15782.51
CUST_453,prod_09,8,5524,21.5,3.3,2,12,11.0,1,4.4,1755.61
CUST_454,prod_09,126,4230,182.2,18.3,12,4,2.0,6,8.7,13837.92
CUST_455,prod_04,208,9639,120.1,19.3,12,1,4.9,7,9.4,16144.35
CUST_455,prod_01,27,2168,21.9,4.7,3,6,13.0,0,5.0,3338.49
CUST_455,prod_07,136,10976,165.5,16.1,18,3,3.3,6,6.3,13501.88
CUST_456,prod_05,96,7614,120.9,16.9,10,1,5.6,8,8.1,12474.22
CUST_456,prod_10,15,2916,22.5,4.4,4,6,26.8,1,6.8,2754.22
CUST_457,prod_03,58,19279,178.5,12.1,11,1,6.6,8,7.3,
CUST_457,prod_05,93,15377,126.9,9.9,7,4,5.2,8,7.2,9668.39
CUST_458,prod_01,43,4865,53.8,1.4,4,14,27.7,3,4.7,3681.14
CUST_458,prod_07,21,4043,25.1,3.8,6,7,19.1,3,6.0,2976.81
CUST_459,prod_10,104,10833,51.1,9.1,12,1,7.6,3,8.2,11170.13
CUST_459,prod_08,72,5540,161.0,13.0,16,0,0.9,6,7.4,9958.04
CUST_459,prod_06,34,3009,47.5,5.7,2,10,9.9,0,5.6,
CUST_460,prod_01,28,1954,26.2,4.8,7,6,18.3,2,3.6,3168.55
CUST_460,prod_10,76,6565,54.5,6.3,8,5,1.3,7,8.6,7699.62
CUST_461,prod_06,34,5493,36.7,3.4,7,10,18.7,2,6.3,4177.65
CUST_461,prod_02,141,15701,78.9,16.2,9,3,4.4,5,9.6,14184.79
CUST_461,prod_07,130,13711,101.7,15.1,7,2,2.4,8,10.3,
CUST_462,prod_05,28,3081,42.0,2.6,3,11,10.4,0,3.3,2873.19
CUST_462,prod_07,142,9348,224.9,15.1,16,1,3.5,4,9.5,14206.62
CUST_462,prod_01,34,1321,28.0,3.6,6,14,15.8,2,6.4,3898.8
CUST_463,prod_06,107,6294,93.1,11.2,9,2,6.3,5,9.0,
CUST_463,prod_07,96,22042,209.2,19.7,13,5,1.9,4,8.5,10813.95
CUST_463,prod_03,160,14119,130.0,16.0,10,2,3.2,7,8.1,
CUST_464,prod_07,61,5502,141.6,16.4,16,1,5.0,9,11.6,11671.56
CUST_465,prod_03,110,14212,148.5,6.8,11,0,6.2,7,10.2,
CUST_465,prod_08,83,16415,81.3,13.9,11,1,7.1,3,8.4,9495.92
CUST_466,prod_06,148,19248,86.4,5.5,9,1,3.5,5,10.3,12485.5
CUST_466,prod_09,51,571,37.2,5.4,7,10,7.6,2,7.6,5458.42
CUST_466,prod_07,34,1009,25.0,4.0,4,11,14.8,1,5.2,2947.68
CUST_467,prod_09,109,10005,140.7,8.9,16,2,4.4,4,8.9,10802.22
CUST_467,prod_02,14,3564,5.3,2.9,4,13,26.1,1,6.7,1770.8
CUST_467,prod_05,98,6381,108.8,8.5,8,3,8.0,8,10.9,
CUST_468,prod_06,48,3525,30.4,2.6,6,15,24.9,3,5.3,
CUST_468,prod_04,13,3033,52.9,3.4,5,14,21.1,2,7.0,2665.87
CUST_469,prod_02,175,7441,126.6,5.9,13,5,7.8,7,9.0,13182.78
CUST_469,prod_01,29,3871,17.8,0.7,6,6,22.1,2,3.7,2867.38
CUST_469,prod_06,28,1834,26.6,5.2,2,6,16.4,2,7.3,3674.7
CUST_470,prod_07,59,10064,135.2,8.3,12,2,5.7,6,7.9,9019.95
CUST_470,prod_03,116,8504,107.3,16.0,10,3,2.8,6,9.2,
CUST_471,prod_03,5,3134,29.1,5.3,6,6,23.2,0,2.9,2131.71
CUST_471,prod_10,32,2214,33.0,2.4,5,8,24.4,1,4.1,3059.26
CUST_472,prod_09,113,18482,75.6,10.2,13,2,7.1,4,10.0,11864.02
CUST_472,prod_03,126,17102,106.8,9.5,9,2,8.4,3,6.3,10111.46
CUST_473,prod_05,112,5260,133.3,11.7,12,2,1.3,4,9.5,
CUST_473,prod_04,122,19189,198.3,12.3,14,2,2.5,5,10.5,
CUST_473,prod_09,32,4030,34.5,0.9,6,5,14.2,1,4.0,3232.93
CUST_474,prod_02,26,3469,35.2,1.5,6,15,17.6,1,4.4,
CUST_474,prod_09,87,12610,158.4,22.1,9,3,4.7,4,9.6,10552.5
CUST_475,prod_04,13,950,29.7,2.0,6,12,14.3,1,3.4,1901.46
CUST_475,prod_09,105,8919,56.1,18.0,15,4,1.7,8,9.9,12342.2
CUST_476,prod_09,161,11052,188.4,18.1,15,2,7.2,4,9.1,16567.9
CUST_476,prod_10,40,4923,43.7,2.6,7,6,12.0,2,4.5,3952.56
CUST_476,prod_08,33,2574,44.3,2.5,8,8,17.7,2,3.4,3975.79
CUST_477,prod_01,12,4847,9.7,2.8,2,6,20.6,1,4.1,2157.08
CUST_477,prod_03,28,1428,6.9,2.0,6,10,12.8,1,6.7,3194.47
CUST_477,prod_04,162,6364,75.2,12.4,9,5,5.2,4,8.2,13557.51
CUST_478,prod_08,33,3369,33.0,0.8,8,15,13.1,0,6.4,2984.92
CUST_479,prod_05,12,4231,19.9,2.3,6,13,11.3,2,4.0,2061.21
CUST_479,prod_02,18,1618,24.5,3.8,3,7,22.1,1,2.7,2201.85
CUST_479,prod_08,187,12617,150.1,12.2,15,2,2.1,6,8.0,17941.83
CUST_480,prod_07,94,5725,151.9,15.8,10,3,1.7,6,7.8,
CUST_481,prod_05,96,21736,209.7,10.6,7,3,6.0,4,9.0,10782.72
CUST_481,prod_01,41,5190,6.6,4.4,7,16,14.2,3,4.4,4684.52
CUST_482,prod_01,179,13805,71.4,22.1,10,3,5.7,5,8.7,
CUST_482,prod_06,84,5390,140.0,11.8,14,3,6.0,5,7.8,9334.22
CUST_483,prod_01,85,7847,126.1,8.4,13,1,3.4,4,10.8,11056.01
CUST_483,prod_05,111,20486,187.5,10.6,16,2,6.5,6,9.0,11428.35
CUST_483,prod_06,41,5426,33.8,1.4,3,11,11.6,3,4.3,3522.64
CUST_484,prod_02,102,4782,55.3,6.4,8,3,5.5,4,9.0,
CUST_484,prod_08,9,5000,20.8,3.9,6,6,16.8,1,3.6,
CUST_485,prod_09,141,16502,116.7,19.7,12,6,1.2,4,8.5,12563.48
CUST_485,prod_02,19,4911,8.0,1.8,7,9,10.9,0,5.5,2608.82
CUST_485,prod_08,117,13116,193.8,14.4,11,1,4.1,4,10.1,12633.9
CUST_486,prod_09,136,11827,154.5,5.6,12,2,3.9,3,7.7,11575.96
CUST_486,prod_05,123,23662,180.4,7.1,13,2,4.3,8,8.8,12802.94
CUST_487,prod_05,159,9011,174.2,6.2,11,0,4.8,6,8.6,12444.12
CUST_488,prod_01,35,5098,55.4,3.3,6,10,11.6,2,3.1,3754.54
CUST_489,prod_10,83,9185,75.2,15.7,11,3,4.6,7,8.5,9665.06
CUST_489,prod_01,102,5743,85.0,12.3,13,1,4.9,7,10.6,10442.81
CUST_490,prod_03,123,15133,209.5,12.1,9,1,0.9,7,6.8,11843.4
CUST_490,prod_06,125,14477,152.2,19.6,9,5,1.6,5,8.8,12034.29
CUST_490,prod_08,98,7511,169.5,14.8,13,2,4.3,3,11.2,
CUST_491,prod_09,64,12474,47.4,9.1,11,3,5.2,7,6.5,9306.95
CUST_491,prod_02,218,5228,192.3,12.7,15,5,7.5,8,10.9,
CUST_492,prod_10,110,8046,76.3,5.6,13,4,3.5,4,8.1,11040.79
CUST_492,prod_06,92,17373,98.3,18.2,13,0,3.9,7,8.1,12395.36
CUST_492,prod_03,108,13271,179.3,15.1,12,4,1.1,8,8.0,
CUST_493,prod_08,26,3168,29.1,4.2,3,5,16.1,2,4.9,3429.95
CUST_493,prod_09,53,15487,88.8,17.1,9,2,5.4,8,9.1,9379.52
CUST_494,prod_04,8,4072,44.6,3.7,2,10,19.2,2,5.7,2378.05
CUST_494,prod_10,143,10853,84.4,9.6,14,3,4.9,6,7.8,13120.4
CUST_495,prod_01,181,7809,115.0,9.9,10,3,7.1,3,7.7,16316.05
CUST_495,prod_06,57,4234,35.4,3.4,5,8,17.8,1,3.1,4422.96
CUST_496,prod_02,120,14082,65.6,15.1,7,2,1.5,6,7.1,11885.65
CUST_496,prod_10,109,11237,151.2,20.8,9,4,6.6,6,7.2,10453.73
CUST_496,prod_08,43,1908,5.7,3.1,6,13,12.8,1,6.0,3565.18
CUST_497,prod_07,50,662,35.3,3.1,2,8,12.2,2,4.5,4193.0
CUST_497,prod_08,153,17629,157.3,12.6,9,2,2.6,5,10.2,15569.24
CUST_498,prod_08,74,13655,79.9,12.3,13,5,6.5,5,9.5,10330.86
CUST_498,prod_05,90,6763,102.3,13.3,13,4,8.3,3,7.5,
CUST_499,prod_05,95,17401,196.4,16.0,11,2,8.0,4,7.2,9586.16
CUST_499,prod_03,112,7303,177.1,6.3,8,4,3.1,5,6.6,11002.29
CUST_499,prod_04,47,4131,18.0,2.1,9,13,15.6,2,7.2,
CUST_500,prod_08,120,12760,47.4,8.9,9,3,3.4,6,7.1,11827.7
CUST_500,prod_02,21,3266,22.3,3.0,2,5,22.6,3,4.3,2630.1
CUST_500,prod_01,31,1076,24.9,3.6,5,9,21.7,0,5.1,
CUST_501,prod_06,8,4368,31.8,4.0,7,12,11.0,2,6.1,2256.88
CUST_501,prod_01,135,16423,180.1,14.0,12,2,3.5,7,6.7,13155.91
CUST_501,prod_09,84,20159,136.9,6.4,13,5,5.7,9,7.7,11030.93
CUST_502,prod_09,9,3279,36.9,2.7,5,10,16.6,3,5.1,2599.57
CUST_502,prod_04,36,803,18.1,2.7,3,15,16.3,4,3.9,3355.37
CUST_502,prod_05,31,2740,31.7,0.8,9,12,16.3,2,5.4,3727.52
CUST_503,prod_10,18,3328,8.9,1.2,2,9,18.3,2,4.3,2227.45
CUST_503,prod_03,26,1727,30.9,0.6,3,7,9.8,3,3.2,2716.61
CUST_504,prod_04,151,10074,98.2,12.2,15,0,3.1,5,9.5,15319.29
CUST_505,prod_10,115,17961,187.2,14.6,8,1,4.1,3,8.2,11082.15
CUST_506,prod_03,28,3190,7.9,4.3,3,5,13.5,1,3.7,
CUST_506,prod_09,140,13995,84.3,16.6,11,2,5.9,5,8.9,13541.97
CUST_506,prod_04,131,10827,168.2,8.1,14,4,3.2,5,8.6,13197.28
CUST_507,prod_02,108,6667,73.1,8.8,9,2,4.1,4,8.7,
CUST_507,prod_03,13,5490,19.5,1.8,6,12,10.2,1,5.4,
CUST_508,prod_09,18,2748,35.4,2.6,8,11,17.6,0,5.9,2629.59
CUST_508,prod_01,12,3725,15.6,2.2,7,7,13.3,0,4.6,2018.06
CUST_508,prod_05,7,3701,39.0,2.2,3,11,16.4,3,5.9,2582.4
CUST_509,prod_05,134,14370,175.3,17.6,7,3,1.9,6,10.3,
CUST_509,prod_07,11,2540,8.1,0.7,5,13,16.9,1,5.7,1535.01
CUST_509,prod_01,53,5486,119.9,6.5,13,2,4.2,6,7.2,7644.67
CUST_510,prod_07,161,17907,75.2,8.5,11,4,3.4,3,7.8,11618.42
CUST_510,prod_03,27,3469,9.1,4.6,2,6,20.0,0,4.3,2794.19
CUST_510,prod_06,129,9860,158.6,11.2,17,5,5.0,9,7.6,11992.4
CUST_511,prod_10,142,12742,98.3,19.6,11,3,3.2,6,7.7,14409.79
CUST_511,prod_09,23,3056,31.6,3.4,5,10,25.6,3,5.2,3313.18
CUST_512,prod_07,18,2674,24.4,3.3,3,9,12.9,2,8.1,2524.79
CUST_512,prod_09,101,15148,76.2,15.4,12,2,4.6,3,9.2,
CUST_513,prod_05,31,4192,29.1,4.4,2,10,10.7,1,5.0,3285.15
CUST_514,prod_06,154,18389,131.7,12.8,14,1,2.6,2,9.8,
CUST_514,prod_05,50,948,8.3,3.7,6,13,18.3,0,4.5,3770.9
CUST_515,prod_02,11,5080,27.5,2.8,7,9,17.9,1,5.1,2143.11
CUST_516,prod_03,118,19268,61.8,13.4,11,3,5.8,6,6.7,12515.86
CUST_516,prod_08,176,11105,88.2,18.6,12,2,6.5,5,7.6,14466.82
CUST_516,prod_02,88,9436,138.4,6.2,9,2,7.1,4,8.0,8998.24
CUST_517,prod_04,160,7623,162.4,10.9,14,1,6.5,8,7.5,16270.98
CUST_517,prod_07,84,10738,201.2,12.5,13,2,6.3,9,10.2,11813.09
CUST_518,prod_05,25,3206,13.5,2.8,3,11,17.1,3,4.9,3031.32
CUST_518,prod_02,61,11822,169.0,10.6,15,4,3.7,8,7.3,9869.84
CUST_519,prod_09,28,3139,20.6,4.3,6,9,14.5,0,3.5,2905.4
CUST_519,prod_06,46,1119,13.9,2.9,4,9,23.2,0,3.5,3279.03
CUST_519,prod_01,73,8332,119.2,15.8,15,4,2.8,3,7.7,9452.9
CUST_520,prod_04,59,22327,108.2,9.3,12,1,2.1,3,10.3,8451.26
CUST_521,prod_10,116,16359,93.9,17.5,15,1,2.5,6,8.8,12648.78
CUST_522,prod_06,42,4523,31.9,5.2,7,5,8.5,2,6.8,5031.13
CUST_523,prod_01,84,15310,89.6,16.3,13,1,3.5,4,8.2,10352.56
CUST_524,prod_09,48,3172,6.6,3.9,4,7,13.6,1,4.1,3430.02
CUST_524,prod_05,10,3904,28.5,3.8,5,13,9.3,3,4.8,
CUST_524,prod_06,57,8922,96.8,6.5,9,4,2.5,8,7.8,8840.67
CUST_525,prod_10,157,7292,163.5,9.1,14,4,8.2,4,8.6,11687.39
CUST_525,prod_03,68,9216,73.3,5.4,9,4,6.7,3,10.6,8816.96
CUST_525,prod_07,77,13726,102.3,18.5,15,2,1.6,7,8.3,10680.8
CUST_526,prod_10,42,3275,5.3,2.5,8,6,12.7,2,8.0,
CUST_527,prod_06,13,1840,5.3,3.6,3,15,17.7,0,5.3,
CUST_527,prod_04,163,23438,188.0,17.7,13,2,5.9,6,8.9,16099.11
CUST_528,prod_01,25,1680,28.0,2.7,5,5,14.7,1,3.5,2675.77
CUST_528,prod_05,91,16923,113.0,11.0,11,5,5.8,3,9.1,8812.59
CUST_529,prod_02,81,15106,230.6,5.0,8,3,5.2,7,6.9,10571.67
CUST_529,prod_04,23,574,8.8,2.2,5,8,12.8,0,4.4,2370.67
CUST_529,prod_06,48,2314,5.6,2.6,9,6,10.1,1,6.3,4077.29
CUST_530,prod_02,29,2545,51.3,1.9,5,7,10.1,3,5.5,3482.45
CUST_530,prod_07,119,6743,141.4,9.2,10,2,1.8,6,9.9,
CUST_531,prod_09,22,3534,6.9,4.7,5,6,21.7,2,7.1,3521.45
CUST_531,prod_07,36,3799,35.2,3.6,4,12,10.9,2,2.9,3227.85
CUST_531,prod_10,130,17477,64.8,19.8,14,2,7.1,6,8.5,14126.97
CUST_532,prod_02,54,13811,159.8,5.4,12,5,1.9,9,11.5,8611.17
CUST_532,prod_08,48,4223,44.6,2.4,2,16,10.7,1,5.9,3588.41
CUST_533,prod_10,73,17120,115.1,11.9,11,3,2.0,5,9.8,
CUST_533,prod_06,90,9387,111.5,12.0,9,1,3.7,6,7.6,9396.21
CUST_533,prod_08,49,5146,10.2,2.1,7,17,19.1,1,6.6,3789.63
CUST_534,prod_08,78,6438,107.2,10.4,14,4,5.0,6,8.1,9245.79
CUST_534,prod_10,17,3902,22.6,1.6,7,8,15.1,2,5.5,3099.45
CUST_535,prod_05,93,12361,118.7,10.4,11,4,2.8,6,8.3,9545.69
CUST_535,prod_04,176,13381,138.6,14.5,14,1,1.8,6,8.6,15928.58
CUST_535,prod_02,112,15704,186.1,8.9,11,2,7.8,4,8.0,10642.48
CUST_536,prod_09,12,3866,42.7,4.2,5,13,23.8,2,5.6,
CUST_536,prod_10,75,17051,85.6,18.5,10,4,7.4,5,11.0,9669.92
CUST_536,prod_05,80,12548,177.3,8.5,7,3,5.3,5,9.3,
CUST_537,prod_03,29,2302,8.1,4.1,6,8,16.3,2,4.9,3543.1
CUST_537,prod_09,179,20986,122.9,12.7,11,4,6.8,4,8.2,13790.3
CUST_537,prod_07,45,17453,217.4,6.9,10,3,4.1,6,6.6,
CUST_538,prod_08,169,17980,222.9,16.4,13,3,4.2,7,9.7,16393.74
CUST_538,prod_05,14,592,16.6,0.6,3,13,12.8,2,5.1,2197.32
CUST_539,prod_03,93,19384,146.3,13.3,8,4,3.7,7,7.1,11755.5
CUST_540,prod_04,47,1828,33.0,1.3,4,7,15.0,2,6.7,4741.39
CUST_540,prod_07,40,2942,28.7,1.6,5,7,12.7,1,4.5,
CUST_540,prod_06,89,15834,58.6,13.9,10,3,4.0,6,7.7,9976.29
CUST_541,prod_03,43,2411,30.5,1.0,4,16,18.0,0,5.9,3307.51
CUST_541,prod_07,115,21624,85.6,16.0,9,3,4.5,5,10.0,12078.98
CUST_541,prod_01,118,12142,109.7,10.1,13,3,1.3,6,6.6,
CUST_542,prod_04,27,1593,26.4,0.5,3,12,22.4,1,6.6,2480.76
CUST_542,prod_03,63,13407,76.4,17.7,11,3,3.4,6,6.2,9934.3
CUST_542,prod_06,172,13884,137.4,15.3,11,3,7.4,3,7.7,15375.94
CUST_543,prod_03,120,15219,78.7,9.0,7,3,6.4,4,7.2,11572.2
CUST_543,prod_05,122,14765,116.0,12.9,7,4,4.3,4,11.4,12111.27
CUST_544,prod_01,139,10007,145.4,7.9,18,4,6.8,5,7.8,13536.06
CUST_545,prod_03,168,8138,92.1,18.7,14,5,4.4,4,6.8,
CUST_546,prod_02,77,14931,128.5,10.8,10,3,1.4,3,10.7,8710.36
CUST_546,prod_07,11,1564,33.9,1.3,7,12,12.2,1,2.6,1592.57
CUST_546,prod_03,125,6174,151.6,9.6,13,4,3.5,8,6.9,
CUST_547,prod_03,100,8549,76.8,7.7,8,0,2.6,6,5.8,11335.62
CUST_547,prod_02,27,3391,41.2,4.6,5,15,24.6,2,5.5,2960.83
CUST_548,prod_08,151,19996,159.0,14.8,14,5,2.8,4,8.5,13502.08
CUST_548,prod_05,17,1805,19.5,4.3,3,9,19.2,3,6.8,2989.94
CUST_549,prod_05,62,18326,136.7,9.9,10,1,6.9,6,11.7,8985.3
CUST_549,prod_09,117,18213,85.9,7.8,9,0,3.4,6,9.7,12273.66
CUST_549,prod_06,112,8734,127.9,11.6,11,2,5.0,5,8.5,
CUST_550,prod_03,100,13104,159.9,15.4,9,3,5.8,8,8.4,12188.68
CUST_551,prod_09,10,5695,52.3,1.0,2,10,20.3,1,3.8,1361.82
CUST_552,prod_09,110,12610,85.2,14.1,13,1,4.5,4,8.1,12351.12
CUST_553,prod_03,18,1709,28.8,3.8,5,6,11.5,3,6.1,3249.06
CUST_554,prod_09,21,4408,8.2,1.5,5,7,16.2,2,6.6,2785.98
CUST_554,prod_10,77,17761,128.2,8.9,13,0,4.1,3,7.1,
CUST_554,prod_03,12,4617,31.4,5.3,4,15,17.2,1,4.0,2093.68
CUST_555,prod_02,192,9298,169.2,6.1,13,2,3.2,7,7.6,17156.2
CUST_555,prod_09,42,1351,37.2,1.1,3,8,16.5,0,5.4,
CUST_556,prod_03,37,1322,38.5,1.8,5,11,14.0,1,5.6,3329.53
CUST_556,prod_04,152,19907,155.8,5.6,10,0,2.4,4,6.5,13765.16
CUST_557,prod_08,105,19141,67.2,18.4,11,0,5.3,3,8.4,10487.34
CUST_557,prod_10,42,3678,43.6,1.2,4,11,18.9,0,2.7,2827.09
CUST_557,prod_04,44,17142,154.2,9.1,12,4,1.4,3,8.9,7887.41
CUST_558,prod_01,8,5457,30.1,4.7,8,11,7.4,1,5.7,2626.49
CUST_559,prod_03,5,1746,48.1,3.3,6,12,13.0,1,4.4,1936.88
CUST_559,prod_10,166,11071,115.8,5.9,12,4,1.5,6,8.7,13627.19
CUST_560,prod_08,14,1829,11.7,1.0,8,5,13.7,2,6.6,2582.36
CUST_560,prod_01,36,5229,5.4,2.4,7,11,17.6,1,7.7,3600.3
CUST_561,prod_05,192,13711,64.6,15.8,17,4,6.6,6,7.9,16488.91
CUST_562,prod_10,28,2106,50.0,4.5,6,10,22.6,1,2.6,2752.63
CUST_563,prod_09,208,12729,79.4,16.3,15,1,1.1,6,8.6,18895.36
CUST_564,prod_06,84,9111,114.8,11.1,10,1,3.9,4,8.5,9878.75
CUST_564,prod_05,90,16640,87.6,14.1,12,2,5.6,4,8.8,8530.64
CUST_564,prod_07,69,8140,81.2,15.5,10,3,4.1,5,8.0,9598.4
CUST_565,prod_07,134,10232,147.0,11.7,12,0,7.0,6,8.9,13769.15
CUST_565,prod_01,112,5420,178.4,16.5,13,4,3.6,8,9.9,13269.79
CUST_565,prod_05,165,10855,151.9,7.2,11,3,6.0,5,8.7,11987.35
CUST_566,prod_04,77,12663,200.8,8.2,11,4,5.6,7,9.9,9649.9
CUST_566,prod_03,50,13593,97.4,16.4,9,4,4.6,8,9.0,
CUST_566,prod_08,50,1587,19.9,4.6,4,8,18.1,2,2.6,4142.35
CUST_567,prod_01,140,12983,76.2,6.1,11,1,6.7,7,6.9,11777.84
CUST_567,prod_04,174,9890,115.5,6.1,10,3,1.4,4,8.2,
CUST_568,prod_02,73,18847,89.2,9.5,9,3,4.8,5,7.0,9488.01
CUST_569,prod_04,81,13868,82.2,15.9,10,1,3.8,4,8.7,
CUST_569,prod_03,190,13132,96.6,8.1,8,2,7.7,6,10.1,17845.89
CUST_569,prod_06,109,4555,128.0,7.8,10,5,1.4,8,8.0,10749.02
CUST_570,prod_05,231,10183,150.5,14.1,11,0,6.9,4,10.2,
CUST_570,prod_08,162,10169,62.9,17.2,11,1,6.6,8,7.3,15691.49
CUST_570,prod_02,19,3143,36.7,4.0,4,8,19.2,0,6.2,2251.17
CUST_571,prod_01,145,8743,135.6,17.3,11,4,3.5,5,7.8,14169.99
CUST_572,prod_07,181,11649,112.3,7.6,14,2,3.3,3,8.6,
CUST_572,prod_01,112,7986,121.7,14.1,12,1,5.3,6,7.6,10658.34
CUST_573,prod_08,28,677,49.1,5.4,3,8,21.5,0,3.2,3170.63
CUST_573,prod_07,51,2152,34.3,1.4,6,9,20.2,2,4.2,4449.61
CUST_574,prod_03,78,11607,61.4,16.9,11,5,1.5,8,8.7,10321.48
CUST_575,prod_02,191,15961,91.9,18.2,16,3,1.2,5,7.9,15882.52
CUST_575,prod_03,182,11132,114.2,8.1,16,3,5.0,5,9.7,14434.44
CUST_575,prod_10,162,6695,85.4,11.1,12,1,0.9,5,8.1,12453.26
CUST_576,prod_04,35,985,35.3,4.3,7,13,9.7,0,4.1,3206.95
CUST_577,prod_09,22,1885,10.2,4.9,4,6,21.1,2,6.2,
CUST_577,prod_01,123,15759,174.8,15.6,17,1,7.2,7,7.6,14373.35
CUST_578,prod_02,148,20359,133.1,15.5,14,1,6.5,7,8.6,13780.89
CUST_578,prod_01,204,21465,61.7,5.7,10,1,2.0,5,6.4,13210.21
CUST_579,prod_04,12,790,10.5,3.2,5,16,17.4,1,5.0,1867.87
CUST_580,prod_05,155,8158,94.3,8.6,9,3,5.5,5,8.9,13336.53
CUST_581,prod_01,217,18065,195.0,9.3,14,2,1.0,4,8.8,15141.96
CUST_582,prod_06,86,20106,114.1,11.0,17,3,1.9,5,7.6,
CUST_582,prod_09,148,14049,223.1,14.5,12,2,2.4,7,8.6,14601.86
CUST_583,prod_08,44,2623,42.0,0.7,4,14,16.0,1,4.5,2925.97
CUST_583,prod_09,67,12401,155.1,12.3,15,2,3.3,6,10.1,
CUST_584,prod_05,66,7379,123.0,5.7,11,3,6.4,5,10.2,8695.18
CUST_585,prod_09,55,2078,21.6,2.3,7,15,23.2,2,6.6,4133.17
CUST_585,prod_01,18,3891,18.7,3.5,3,10,14.8,2,6.5,
CUST_586,prod_05,33,1463,45.6,2.1,9,15,17.4,2,5.1,3110.81
CUST_586,prod_08,127,5655,140.7,11.2,13,2,4.6,5,8.9,11152.26
CUST_586,prod_03,7,3495,25.5,3.4,7,16,15.3,1,4.9,1837.06
CUST_587,prod_02,210,6848,214.9,12.0,12,4,8.3,7,6.7,
CUST_587,prod_01,99,11215,89.6,6.8,8,4,6.0,7,6.5,9951.27
CUST_588,prod_04,107,11299,122.0,11.3,9,2,7.7,7,9.7,10855.46
CUST_589,prod_07,227,21306,150.0,7.7,10,2,2.5,6,7.2,17061.89
CUST_589,prod_09,69,14048,78.1,6.7,8,4,3.4,5,10.4,7872.3
CUST_590,prod_05,18,1833,35.8,3.9,4,5,13.4,3,5.2,
CUST_590,prod_04,40,3585,8.2,4.8,5,16,18.4,1,5.2,2895.25
CUST_591,prod_08,63,11087,66.5,19.5,10,3,5.0,8,8.6,
CUST_591,prod_10,44,446,46.5,4.9,3,9,9.2,0,5.2,
CUST_591,prod_07,213,8878,109.2,12.1,13,3,2.0,6,7.9,17200.09
CUST_592,prod_02,18,1936,30.8,2.1,8,8,16.7,0,4.4,2539.76
CUST_593,prod_06,158,14547,203.4,13.8,14,1,2.8,3,9.2,13391.9
CUST_593,prod_02,167,4813,150.7,17.8,9,1,5.4,4,7.6,14175.9
CUST_594,prod_10,43,14183,113.8,15.7,8,4,4.1,8,8.7,8898.97
CUST_595,prod_10,28,1636,7.4,4.1,7,9,15.1,1,6.2,3771.1
CUST_595,prod_02,123,8906,141.5,11.3,14,4,3.6,6,9.3,12536.94
CUST_595,prod_08,110,10311,140.9,14.0,14,3,3.9,4,10.7,11190.58
CUST_596,prod_04,40,1722,9.9,0.8,3,12,23.9,0,5.2,3581.62
CUST_596,prod_06,134,14325,77.6,13.4,11,1,2.7,7,8.7,
CUST_596,prod_05,36,1605,26.0,0.9,5,11,18.6,1,6.6,3418.75
CUST_597,prod_09,142,7413,185.1,14.9,15,6,3.1,5,7.9,12449.14
CUST_598,prod_09,183,10548,125.3,4.8,10,4,2.5,6,7.9,13063.16
CUST_599,prod_09,39,938,7.0,3.4,5,14,12.9,2,6.7,
CUST_600,prod_07,20,4938,37.2,4.0,2,10,12.9,2,6.5,2846.88
CUST_601,prod_09,53,3005,42.8,1.7,5,7,11.5,3,4.0,4990.04
CUST_601,prod_02,140,16665,150.9,10.8,11,0,1.1,7,11.6,15077.79
CUST_601,prod_05,150,15391,75.5,8.5,12,1,3.1,7,8.4,13144.34
CUST_602,prod_08,14,618,20.9,1.2,4,10,12.0,1,5.2,
CUST_602,prod_03,156,16989,191.9,10.1,10,2,3.7,7,8.5,14442.14
CUST_602,prod_05,155,12966,52.5,10.6,17,2,6.8,5,8.5,15088.46
CUST_603,prod_02,141,11084,170.8,8.1,14,5,2.2,8,9.3,13098.08
CUST_603,prod_07,87,14031,208.9,17.1,14,1,3.5,8,10.4,11947.78
CUST_603,prod_01,22,3753,7.0,0.9,8,14,17.9,2,3.7,2661.87
CUST_604,prod_01,37,969,43.9,4.3,5,10,13.6,0,3.6,3148.53
CUST_604,prod_07,217,14927,153.8,12.3,11,5,3.7,8,7.0,16192.5
CUST_604,prod_03,55,6628,61.2,6.9,10,3,4.7,4,8.1,7659.77
CUST_605,prod_05,44,1829,9.4,2.6,6,11,12.5,1,6.3,3492.08
CUST_605,prod_06,172,21443,102.3,10.7,13,0,5.1,4,7.0,15764.47
CUST_605,prod_10,138,15769,57.2,8.9,12,1,1.9,3,11.5,12264.29
CUST_606,prod_04,70,8021,134.7,13.2,12,5,1.1,4,7.4,
CUST_606,prod_01,134,9419,108.0,17.0,8,1,2.5,3,7.1,11010.68
CUST_607,prod_09,54,9849,118.8,18.6,7,4,6.2,7,7.6,9212.1
CUST_608,prod_01,100,10248,143.1,21.6,10,3,6.5,5,7.5,11489.56
CUST_608,prod_06,131,12067,135.8,20.1,8,2,1.8,4,7.1,12650.67
CUST_608,prod_10,21,2599,30.9,2.2,6,11,12.9,1,7.5,2309.66
CUST_609,prod_05,7,2490,29.1,2.2,4,10,10.7,0,4.2,
CUST_609,prod_07,153,7926,159.9,7.0,12,2,2.0,5,8.4,11412.49
CUST_609,prod_10,236,7634,149.7,8.8,10,4,4.0,8,7.4,15091.99
CUST_610,prod_05,26,1175,56.6,1.6,4,6,18.3,2,7.4,3964.43
CUST_610,prod_09,45,3022,42.2,3.4,9,12,16.4,2,4.2,4384.51
CUST_611,prod_07,16,3463,9.4,0.6,3,8,18.0,2,3.6,1816.55
CUST_611,prod_08,111,10199,95.0,13.6,9,4,3.3,4,8.0,11471.94
CUST_612,prod_10,68,13536,51.9,21.6,12,3,2.8,6,8.0,
CUST_612,prod_09,36,3659,30.3,4.7,7,13,10.3,2,6.0,
CUST_613,prod_06,74,11754,50.3,14.0,13,4,3.0,4,8.1,9475.82
CUST_613,prod_10,219,6941,61.3,9.1,8,3,2.4,4,9.3,15119.71
CUST_613,prod_08,183,11205,138.7,19.5,11,3,1.1,4,7.2,17073.57
CUST_614,prod_08,119,6951,118.0,5.7,14,3,5.2,6,7.6,11968.28
CUST_614,prod_07,105,13175,160.0,5.7,9,3,5.5,6,9.3,
CUST_615,prod_03,140,22489,194.4,5.2,13,0,7.3,5,9.1,
CUST_615,prod_06,146,7798,127.0,21.5,10,3,9.2,6,11.5,13116.09
CUST_616,prod_01,27,901,6.5,0.8,4,12,9.3,1,6.0,2721.15
CUST_616,prod_10,111,7904,160.4,9.1,8,1,4.3,5,7.8,10508.02
CUST_616,prod_02,24,1391,16.1,5.0,5,9,16.9,2,6.3,2882.11
CUST_617,prod_08,24,3637,52.1,3.2,6,7,16.0,2,4.0,
CUST_618,prod_07,98,19167,111.2,14.1,12,0,2.7,4,8.7,11174.13
CUST_618,prod_10,20,1630,12.2,2.8,4,10,20.8,2,4.0,2428.88
CUST_619,prod_10,150,15510,145.4,13.4,13,3,4.4,7,8.9,14091.62
CUST_619,prod_07,162,4984,75.3,18.1,10,3,5.5,9,10.6,16340.87
CUST_619,prod_06,27,3590,34.5,2.4,6,12,23.9,1,6.1,2838.99
CUST_620,prod_05,113,17257,71.0,11.1,9,2,6.2,4,8.4,
CUST_620,prod_03,14,2517,22.7,4.6,6,12,13.7,3,4.9,
CUST_620,prod_07,71,11057,90.4,8.2,10,1,1.1,5,8.3,9300.95
CUST_621,prod_01,31,3441,11.3,3.6,7,12,18.9,1,5.6,3652.44
CUST_622,prod_07,81,14692,143.4,17.9,9,1,6.2,5,8.3,9490.03
CUST_622,prod_08,83,11318,185.6,17.8,10,2,5.9,7,9.0,11313.29
CUST_622,prod_03,24,3376,47.4,2.0,7,12,18.4,0,5.4,2604.83
CUST_623,prod_05,45,1128,5.9,2.0,6,7,7.9,3,4.9,4218.19
CUST_623,prod_09,231,14128,224.1,13.9,10,0,6.0,3,9.5,16249.97
CUST_624,prod_02,55,1144,51.7,1.2,2,15,14.1,0,5.1,
CUST_625,prod_07,152,20319,115.1,9.8,12,1,5.9,7,9.3,12051.48
CUST_625,prod_01,108,12044,62.2,18.5,14,3,2.1,5,9.6,
CUST_625,prod_09,14,655,16.1,2.9,7,13,17.1,1,6.3,2371.22
CUST_626,prod_05,100,12563,122.8,11.0,7,3,0.9,4,7.0,10818.84
CUST_626,prod_10,75,8546,200.0,11.6,12,3,8.3,5,10.7,
CUST_626,prod_01,130,6813,90.9,13.3,12,1,1.6,4,8.9,11653.5
CUST_627,prod_07,13,4323,22.2,1.3,3,5,24.0,0,3.5,1638.11
CUST_627,prod_08,23,2740,21.3,3.7,4,12,16.8,2,5.1,2905.36
CUST_627,prod_02,61,13461,111.5,13.4,8,3,3.5,6,7.0,8215.77
CUST_628,prod_06,46,1983,42.8,3.2,4,11,6.8,0,5.0,
CUST_628,prod_03,29,4469,36.9,4.0,3,16,8.1,0,4.6,2332.39
CUST_629,prod_10,60,8456,77.3,7.3,10,2,6.4,6,7.6,8813.77
CUST_630,prod_07,50,6449,147.9,8.9,8,3,1.6,7,6.6,
CUST_630,prod_02,51,1330,31.4,1.9,6,9,23.1,0,3.7,3757.75
CUST_631,prod_09,100,4891,147.8,4.7,12,3,2.8,6,9.2,
CUST_632,prod_09,46,3892,35.2,2.1,4,9,20.6,2,3.0,
CUST_633,prod_07,69,20275,79.5,5.7,12,3,4.0,6,10.0,9469.14
CUST_634,prod_08,85,12513,154.8,14.2,10,3,4.8,5,8.8,
CUST_635,prod_05,141,13712,153.4,11.2,10,4,4.8,7,6.8,12448.26
CUST_636,prod_01,54,11405,185.0,22.4,15,3,5.1,4,10.6,8609.38
CUST_636,prod_10,173,12835,202.5,16.2,13,3,8.8,4,8.4,15671.79
CUST_637,prod_04,19,2025,26.0,3.9,5,6,8.7,3,6.8,3288.89
CUST_637,prod_08,49,2789,7.5,4.4,2,8,17.9,2,4.4,
CUST_637,prod_07,140,8802,129.8,11.1,11,5,5.2,8,9.9,
CUST_638,prod_08,127,9793,213.6,11.2,9,2,5.5,8,10.5,14371.87
CUST_639,prod_08,38,1056,31.5,0.6,7,7,27.7,1,6.2,3689.52
CUST_639,prod_04,26,1726,36.2,3.8,3,8,24.5,2,5.8,
CUST_639,prod_01,202,15360,208.2,4.9,15,1,2.1,5,11.2,18097.9
CUST_640,prod_07,117,12596,56.1,19.2,13,0,4.2,6,7.0,
CUST_640,prod_03,155,11432,83.5,12.3,14,1,3.7,4,9.0,13626.06
CUST_640,prod_08,142,5087,125.0,13.7,11,4,7.7,6,8.8,11683.38
CUST_641,prod_02,41,4386,22.3,3.7,7,14,16.9,2,4.2,4343.8
CUST_641,prod_06,20,1877,42.8,2.4,7,13,16.6,1,6.1,3062.21
CUST_641,prod_03,14,3150,35.1,2.5,6,6,9.7,2,5.9,2720.67
CUST_642,prod_04,50,14580,129.9,6.3,10,3,8.7,7,8.2,8219.27
CUST_643,prod_03,21,4183,35.2,1.0,6,16,23.0,2,3.4,2057.26
CUST_643,prod_04,168,9339,120.4,16.5,9,1,3.7,6,7.6,
CUST_643,prod_07,205,21268,131.6,5.9,10,4,2.2,7,8.4,14358.49
CUST_644,prod_10,169,11154,75.9,19.8,13,3,8.7,9,7.8,15595.71
CUST_644,prod_09,139,18327,73.5,15.5,13,3,1.4,6,8.9,13949.62
CUST_644,prod_06,53,4586,10.6,2.3,4,9,16.7,1,4.5,3839.1
CUST_645,prod_04,233,14684,136.4,18.4,11,6,2.4,3,8.4,16046.16
CUST_645,prod_05,58,12457,77.4,12.3,16,2,1.9,5,6.7,9136.95
CUST_646,prod_07,6,3361,7.0,1.4,8,7,22.4,1,4.8,2409.86
CUST_647,prod_03,84,21049,163.2,9.5,8,2,4.1,5,10.7,
CUST_647,prod_05,96,14968,61.7,18.6,13,2,4.9,8,6.8,
CUST_647,prod_04,52,2141,24.9,0.7,6,12,22.8,3,4.9,4337.84
CUST_648,prod_10,97,11984,125.9,12.6,10,3,8.3,5,8.0,
CUST_649,prod_06,162,22084,116.0,14.4,10,2,4.4,7,6.9,15615.95
CUST_650,prod_04,200,9936,199.9,10.4,10,0,2.8,3,8.9,14587.92
CUST_651,prod_04,60,14375,91.2,4.8,12,0,5.1,6,7.8,9659.47
CUST_651,prod_07,196,23212,161.5,8.3,10,3,6.9,4,6.5,16858.31
CUST_652,prod_03,37,4526,39.7,3.5,5,7,12.0,2,5.7,
CUST_652,prod_06,23,1170,15.6,2.1,6,14,12.0,2,5.7,2931.85
CUST_653,prod_05,29,4180,22.3,5.3,4,16,13.3,3,7.4,3697.59
CUST_653,prod_10,14,1016,9.8,1.2,4,13,19.0,2,6.7,2017.3
CUST_654,prod_10,30,4814,52.5,2.8,3,11,13.0,4,6.7,3323.68
CUST_655,prod_07,73,16584,163.1,14.9,11,1,2.5,5,5.8,9383.08
CUST_655,prod_04,54,1522,17.7,2.5,3,13,8.2,3,4.7,3773.43
CUST_656,prod_01,23,4426,29.1,1.4,5,8,19.7,1,4.1,2893.69
CUST_657,prod_09,66,8388,154.6,4.7,9,3,5.5,6,6.9,8278.87
CUST_657,prod_07,152,10625,185.9,20.2,13,2,7.6,5,9.1,13902.03
CUST_657,prod_01,5,5155,23.1,1.4,5,12,13.7,2,3.7,
CUST_658,prod_09,151,19063,107.7,6.9,11,3,5.1,6,6.8,14080.13
CUST_659,prod_07,84,8798,207.3,19.4,12,4,3.7,5,10.5,
CUST_659,prod_06,54,8092,66.8,13.2,16,4,5.5,9,7.8,
CUST_660,prod_03,85,20487,155.5,8.9,13,3,4.3,4,9.0,9339.63
CUST_661,prod_05,203,12149,120.7,11.0,8,3,5.5,5,6.8,17013.04
CUST_662,prod_04,82,15500,159.7,13.0,16,5,8.4,4,7.8,10103.67
CUST_662,prod_10,23,2637,6.1,1.0,5,6,10.6,2,5.8,3497.58
CUST_662,prod_03,58,3306,35.8,1.0,4,11,13.8,1,3.6,3944.24
CUST_663,prod_09,41,2773,29.1,5.1,7,9,16.2,2,5.0,4037.38
CUST_664,prod_10,52,11285,198.3,13.3,13,3,7.6,4,5.8,7928.62
CUST_664,prod_04,194,5416,130.9,6.1,9,4,1.7,3,8.0,14168.5
CUST_665,prod_04,142,12139,45.3,9.7,13,2,5.6,4,8.0,12422.34
CUST_665,prod_09,27,760,27.9,3.4,4,8,16.3,1,3.0,
CUST_666,prod_07,51,3594,43.3,3.9,3,15,10.8,2,6.5,3451.11
CUST_666,prod_06,75,9339,121.7,16.8,12,0,5.4,9,9.1,12232.81
CUST_667,prod_10,116,10615,75.2,10.5,11,3,4.1,5,7.8,11903.2
CUST_667,prod_03,136,11817,147.7,8.8,16,3,6.8,4,6.9,11298.0
CUST_667,prod_05,21,5195,43.8,4.0,2,8,21.2,3,6.2,3178.41
CUST_668,prod_07,109,9666,56.1,9.3,8,0,8.4,4,6.4,8904.01
CUST_668,prod_04,63,11389,102.6,18.0,13,2,5.3,5,6.3,9208.24
CUST_669,prod_08,148,16809,131.1,16.0,9,4,4.5,5,10.5,13194.22
CUST_669,prod_02,70,7623,209.3,18.2,8,5,0.9,8,8.4,9425.62
CUST_670,prod_01,52,4895,15.3,4.8,5,7,14.6,1,4.9,4756.28
CUST_670,prod_10,36,4773,28.9,3.7,3,11,12.6,0,4.7,2971.9
CUST_671,prod_04,30,2612,41.2,0.5,5,9,11.3,2,4.3,2686.12
CUST_671,prod_02,9,2173,6.9,1.4,5,12,14.2,3,6.2,2384.26
CUST_672,prod_10,17,772,27.8,2.0,6,9,23.7,1,2.9,2385.07
CUST_672,prod_08,80,8644,187.0,19.9,11,2,5.3,6,7.7,10405.35
CUST_672,prod_03,37,2667,38.0,2.4,6,13,19.8,2,3.9,
CUST_673,prod_01,125,11984,131.0,13.9,15,4,8.5,6,10.5,10951.49
CUST_673,prod_08,131,9205,159.0,10.8,10,2,6.8,7,10.3,13627.49
CUST_674,prod_06,106,16755,130.5,11.1,14,2,4.2,5,9.9,
CUST_674,prod_02,24,2574,10.8,2.3,5,9,11.8,3,3.6,3219.52
CUST_674,prod_01,164,16239,63.0,17.0,8,1,2.7,5,7.1,15362.12
CUST_675,prod_10,70,4697,95.6,11.9,8,2,6.6,4,6.0,
CUST_676,prod_03,87,14871,55.1,15.5,9,1,6.6,9,9.8,10577.66
CUST_677,prod_02,23,803,18.1,3.0,3,9,9.9,3,5.4,2976.97
CUST_677,prod_06,96,17634,174.4,7.4,11,2,5.8,7,10.8,10056.51
CUST_677,prod_10,135,12203,70.9,12.5,10,2,8.9,7,9.5,11642.34
CUST_678,prod_06,27,1299,21.0,2.7,3,10,15.2,3,4.2,3030.02
CUST_678,prod_09,91,7855,152.7,10.2,14,4,5.9,5,8.6,10753.34
CUST_679,prod_03,155,20246,44.3,15.2,13,2,8.4,4,8.4,14078.1
CUST_679,prod_02,162,7970,156.8,14.3,11,4,2.6,5,7.4,12828.27
CUST_680,prod_01,192,12372,172.8,23.2,8,3,5.8,7,7.5,
CUST_680,prod_02,18,3613,17.9,4.8,5,10,20.8,3,7.5,3395.62
CUST_680,prod_10,224,8367,203.8,8.3,10,2,4.2,5,10.5,17406.15
CUST_681,prod_06,26,5747,30.9,5.3,7,13,18.6,0,3.5,3116.64
CUST_682,prod_03,68,7497,90.7,7.0,11,3,6.7,4,10.4,9514.92
CUST_682,prod_08,8,3358,24.2,5.1,6,8,11.7,3,3.9,2501.87
CUST_682,prod_04,61,22294,168.0,20.3,14,6,6.9,3,7.3,9263.22
CUST_683,prod_10,147,10238,177.3,9.8,8,2,7.3,3,9.0,
CUST_683,prod_04,91,11936,45.4,15.9,7,2,3.5,3,6.5,9681.89
CUST_683,prod_06,138,12327,228.0,11.5,14,1,2.5,8,10.2,12940.05
CUST_684,prod_08,68,17228,125.9,11.9,7,4,5.3,6,10.7,9552.12
CUST_684,prod_01,80,9652,211.4,11.5,7,2,6.1,6,9.0,
CUST_685,prod_10,17,2748,19.5,2.6,3,8,22.0,1,4.5,
CUST_685,prod_07,35,3875,31.6,1.9,7,15,15.9,1,3.0,2761.03
CUST_685,prod_05,20,3728,14.2,3.0,7,11,12.8,0,5.8,2923.09
CUST_686,prod_07,36,5205,27.0,3.6,4,10,14.3,1,5.3,3513.06
CUST_686,prod_01,35,2852,9.6,4.5,7,7,14.5,1,7.2,3913.01
CUST_686,prod_06,66,17175,215.2,11.0,11,3,3.1,6,7.9,10715.65
CUST_687,prod_02,15,1743,22.2,1.3,3,6,9.6,1,3.8,1967.96
CUST_688,prod_06,109,17221,102.5,17.9,13,3,2.6,8,8.6,12227.6
CUST_688,prod_10,70,12404,83.1,11.1,11,4,4.2,6,6.2,
CUST_688,prod_05,34,1532,17.8,2.6,6,11,13.7,0,3.5,
CUST_689,prod_02,197,17241,73.8,17.8,8,3,2.5,6,6.5,
CUST_689,prod_07,70,14847,105.8,22.3,11,3,8.1,3,8.3,10332.51
CUST_689,prod_03,62,8078,91.7,14.2,8,3,3.4,4,8.5,8624.16
CUST_690,prod_08,5,4783,35.3,0.9,4,6,7.1,0,3.9,1439.29
CUST_690,prod_09,187,14371,172.8,13.3,13,2,3.8,8,7.0,18721.88
CUST_691,prod_01,62,18360,212.6,15.9,13,1,2.1,8,7.7,9655.42
CUST_691,prod_10,223,15465,142.2,16.1,12,0,5.9,3,9.0,17522.13
CUST_692,prod_02,70,9479,98.7,6.6,10,1,3.2,3,8.7,8743.64
CUST_692,prod_04,16,1165,14.8,3.5,2,5,15.5,2,7.9,2434.77
CUST_692,prod_09,54,3569,42.9,0.9,3,9,8.6,0,3.7,
CUST_693,prod_08,156,23556,153.3,11.8,17,3,6.0,4,6.2,15139.85
CUST_693,prod_05,134,8588,157.4,12.0,10,3,3.3,6,7.9,
CUST_693,prod_06,68,7516,175.7,21.4,11,4,3.9,6,9.6,10040.91
CUST_694,prod_06,115,9442,231.3,13.6,13,1,2.6,4,8.7,10860.31
CUST_695,prod_07,19,3635,8.7,2.8,7,8,10.3,0,5.0,
CUST_695,prod_02,26,2086,36.0,2.8,3,9,10.3,1,6.3,
CUST_696,prod_01,80,22309,59.4,13.1,11,4,5.5,3,9.2,8544.31
CUST_696,prod_10,91,6644,119.3,13.3,10,2,5.4,5,6.9,9785.97
CUST_696,prod_08,36,5351,14.6,3.6,6,13,9.7,0,7.6,3524.33
CUST_697,prod_06,182,10031,67.8,22.9,9,5,7.7,7,11.7,15610.83
CUST_697,prod_03,156,19847,121.3,12.0,8,3,5.0,8,8.3,
CUST_698,prod_10,198,20228,188.1,15.8,8,3,3.8,6,7.5,
CUST_699,prod_07,64,18701,123.0,13.7,16,1,1.6,6,9.5,10915.04
CUST_700,prod_06,39,4746,56.7,5.6,5,15,15.2,2,3.7,4156.54
CUST_700,prod_08,15,1810,23.7,3.1,8,10,14.7,3,5.9,
CUST_701,prod_08,86,7242,191.9,13.7,11,5,3.8,7,7.8,10299.11
CUST_702,prod_08,24,4782,30.9,1.3,5,13,15.7,2,4.7,3038.03
CUST_703,prod_06,74,7391,56.9,20.4,10,3,7.1,5,7.7,10361.82
CUST_703,prod_08,104,7713,100.6,10.7,13,5,2.9,4,8.8,11206.99
CUST_703,prod_01,22,3417,26.4,2.5,4,13,20.0,3,5.4,2475.41
CUST_704,prod_10,202,8817,78.2,12.4,8,5,7.7,5,7.7,13876.69
CUST_704,prod_03,62,11138,52.9,13.8,13,2,6.8,4,8.0,7515.25
CUST_704,prod_01,136,5290,94.3,6.3,10,2,4.4,5,10.5,
CUST_705,prod_05,47,2361,52.7,2.0,5,6,20.1,1,5.4,
CUST_705,prod_06,165,15658,79.7,13.1,12,5,7.7,3,10.8,11931.13
CUST_705,prod_10,126,16661,192.3,11.8,14,3,5.1,8,8.0,13954.23
CUST_706,prod_04,98,11311,191.0,4.3,7,2,5.4,6,7.9,9137.74
CUST_706,prod_01,33,904,26.3,0.7,4,11,17.1,2,3.2,3012.39
CUST_706,prod_06,56,15712,85.7,11.6,12,3,7.4,6,11.2,8285.16
CUST_707,prod_06,154,10718,107.0,5.3,11,2,5.2,7,7.5,
CUST_707,prod_04,38,3500,39.4,1.6,8,4,14.0,1,4.2,3748.92
CUST_707,prod_02,36,5549,19.8,3.1,3,8,16.1,3,5.6,3972.65
CUST_708,prod_04,213,8584,224.2,14.2,16,3,9.1,7,7.8,19921.8
CUST_708,prod_09,196,17929,164.6,12.5,12,3,1.2,6,8.3,
CUST_709,prod_02,98,5618,98.4,11.8,11,2,1.7,5,8.3,11215.51
CUST_710,prod_04,27,3012,45.3,2.5,6,12,7.5,1,4.8,3151.54
CUST_710,prod_09,52,795,25.4,2.1,5,8,18.4,0,3.6,3864.92
CUST_711,prod_05,54,11130,89.9,13.4,11,3,5.6,7,6.5,9140.53
CUST_711,prod_03,237,20785,196.1,8.3,10,3,4.9,8,9.3,15931.06
CUST_711,prod_01,18,1132,47.2,5.0,8,14,17.5,0,4.9,2858.9
CUST_712,prod_06,39,5463,24.4,4.5,5,9,19.5,1,5.9,3626.1
CUST_712,prod_09,87,12253,90.4,12.8,13,1,2.4,5,7.8,9588.79
CUST_713,prod_10,5,3076,31.5,2.1,3,14,15.4,1,5.7,
CUST_713,prod_09,105,8093,120.7,9.9,11,3,3.6,3,6.7,10440.15
CUST_713,prod_04,142,18204,131.8,17.2,12,1,4.1,5,10.0,14692.64
CUST_714,prod_01,164,20100,180.4,17.7,15,3,2.2,5,6.7,16158.15
CUST_714,prod_05,19,645,19.9,4.5,7,15,18.1,0,6.7,2703.58
CUST_715,prod_07,13,4306,19.5,5.3,8,8,22.2,1,5.0,2773.71
CUST_715,prod_04,163,20991,130.4,5.1,13,3,5.0,5,9.1,13739.62
CUST_716,prod_10,147,7395,204.5,6.4,10,4,8.3,3,7.5,12146.77
CUST_717,prod_02,79,10747,72.2,6.0,11,2,3.2,7,6.2,
CUST_717,prod_06,13,689,31.1,2.0,6,12,16.3,1,6.6,2486.42
CUST_717,prod_10,17,2107,26.5,3.8,5,8,9.6,2,4.2,2212.62
CUST_718,prod_09,29,1103,34.3,3.3,2,12,25.9,3,5.5,
CUST_719,prod_08,114,16905,210.5,7.0,12,5,3.1,7,8.7,11806.11
CUST_719,prod_02,91,9598,159.6,10.6,13,3,5.3,8,8.8,10796.27
CUST_719,prod_07,220,9749,183.7,17.4,12,5,6.1,4,10.5,16102.81
CUST_720,prod_06,182,8172,59.0,9.2,10,5,2.9,4,8.2,13848.73
CUST_720,prod_01,40,4839,30.0,3.4,3,8,16.4,3,6.5,3854.24
CUST_721,prod_01,215,11032,111.9,12.4,11,3,3.8,3,11.0,15622.88
CUST_722,prod_03,64,7803,153.6,19.1,8,2,1.8,4,9.0,9061.79
CUST_722,prod_02,37,4139,16.8,2.5,3,7,24.7,1,6.4,3225.29
CUST_723,prod_03,33,600,14.5,1.6,3,7,24.0,1,6.4,3560.25
CUST_723,prod_02,45,8581,160.1,6.1,9,1,7.1,8,7.2,8627.91
CUST_723,prod_01,127,7148,153.4,9.2,8,1,8.5,5,8.2,11684.3
CUST_724,prod_07,17,909,12.5,2.0,4,6,19.7,3,3.2,2304.98
CUST_724,prod_06,30,4770,27.6,4.5,4,10,10.4,2,7.1,3307.65
CUST_725,prod_05,13,3814,14.1,2.9,5,11,23.1,1,3.6,2014.05
CUST_726,prod_03,20,1879,29.5,5.4,4,14,15.0,1,4.7,2723.72
CUST_727,prod_06,120,18903,203.7,18.0,16,1,5.8,6,6.3,
CUST_728,prod_07,219,5859,109.7,13.1,15,4,2.2,7,9.4,18427.35
CUST_729,prod_10,127,10163,54.9,20.8,8,3,3.5,6,6.3,
CUST_729,prod_02,44,3507,35.2,1.7,2,6,11.6,1,3.3,3081.4
CUST_729,prod_06,89,17868,45.7,16.7,14,0,4.7,7,10.1,10506.45
CUST_730,prod_10,80,20284,91.9,13.5,12,1,4.1,6,11.1,11171.44
CUST_730,prod_05,16,488,35.6,3.4,4,12,16.2,2,4.0,2127.88
CUST_731,prod_06,149,15843,123.2,5.5,10,4,2.9,4,7.1,13421.47
CUST_731,prod_09,40,3437,17.2,1.2,2,5,25.2,1,2.8,2952.31
CUST_732,prod_03,8,2315,15.5,4.3,2,6,20.8,1,4.2,1792.31
CUST_732,prod_10,196,15382,172.8,13.8,8,2,1.7,3,10.1,17310.75
CUST_732,prod_07,200,11723,111.9,11.9,16,1,1.9,4,7.2,17000.69
CUST_733,prod_06,111,11246,150.6,7.8,16,3,8.1,5,6.5,
CUST_733,prod_07,93,12607,91.9,7.2,8,4,8.5,4,8.9,9164.46
CUST_734,prod_02,27,2845,44.0,0.8,6,12,24.7,1,3.4,2942.85
CUST_734,prod_10,148,9714,55.4,8.2,13,4,1.7,7,7.3,14324.56
CUST_735,prod_10,128,13020,156.0,13.5,11,0,2.6,3,9.1,11731.55
CUST_735,prod_08,167,5685,53.6,7.8,9,5,6.4,4,7.6,11532.39
CUST_736,prod_03,16,2907,11.6,4.0,8,10,12.7,2,4.3,2876.73
CUST_736,prod_10,10,3494,7.4,3.2,5,5,23.0,2,4.8,2321.94
CUST_736,prod_04,74,15379,203.6,11.6,12,3,2.2,6,8.2,9952.25
CUST_737,prod_06,165,17425,150.6,13.7,11,3,3.2,5,7.4,
CUST_737,prod_09,62,19719,69.6,12.1,13,4,8.5,5,8.4,10073.83
CUST_738,prod_05,8,648,37.4,3.4,9,11,25.2,1,3.9,2464.67
CUST_738,prod_02,184,13529,60.3,20.2,12,1,5.5,8,7.4,17894.11
CUST_739,prod_10,11,2415,20.2,2.8,7,8,19.9,3,7.8,3265.53
CUST_740,prod_01,217,8596,129.2,9.9,17,3,5.5,6,8.4,17250.89
CUST_740,prod_09,97,13637,90.5,15.9,13,4,5.1,3,9.1,11085.23
CUST_740,prod_03,20,1329,42.7,3.1,5,13,22.1,2,4.6,2659.86
CUST_741,prod_06,100,6268,138.3,12.3,12,2,6.6,7,7.8,12277.44
CUST_742,prod_06,106,15559,54.6,8.1,11,0,4.6,6,9.0,10912.61
CUST_742,prod_05,119,14097,93.4,12.8,9,2,5.3,6,7.9,11988.25
CUST_743,prod_08,193,19857,131.9,12.6,12,2,6.9,7,9.7,
CUST_743,prod_04,44,576,11.7,5.8,6,13,17.7,3,3.1,
CUST_744,prod_02,19,5338,33.0,1.8,5,8,9.8,1,3.7,
CUST_745,prod_02,178,12147,82.2,16.4,9,4,7.3,5,10.5,16224.58
CUST_746,prod_08,172,21706,53.1,5.3,13,5,7.1,8,8.4,15759.02
CUST_746,prod_05,162,6437,140.5,17.5,11,1,5.9,5,10.4,14870.59
CUST_746,prod_03,136,17228,163.7,6.3,10,1,0.9,6,7.1,13004.92
CUST_747,prod_08,46,2813,14.5,4.2,6,6,17.4,1,5.6,
CUST_748,prod_07,147,8247,143.1,18.6,17,5,3.8,7,8.0,15804.76
CUST_748,prod_02,29,707,18.3,3.2,6,7,17.4,2,4.0,3403.29
CUST_748,prod_06,97,12634,94.4,4.2,7,2,1.2,5,10.6,
CUST_749,prod_04,40,1355,23.9,4.4,3,7,17.3,1,5.0,3355.93
CUST_749,prod_08,123,13273,136.1,5.4,17,1,8.6,4,8.2,12138.1
CUST_750,prod_03,24,1825,51.5,3.8,4,13,16.5,3,7.6,3395.19
CUST_751,prod_09,201,10475,63.1,16.1,15,4,7.7,4,8.1,16716.92
CUST_752,prod_02,167,13397,169.6,7.1,9,0,4.0,8,7.4,14124.21
CUST_752,prod_01,131,14835,55.7,16.6,14,2,7.7,7,7.0,11779.7
CUST_752,prod_09,170,18541,120.3,8.0,14,2,7.5,4,7.9,14311.9
CUST_753,prod_10,184,9122,80.6,5.6,13,4,1.3,8,7.9,15471.01
CUST_753,prod_05,88,11526,108.2,16.1,10,4,3.6,5,7.7,10719.58
CUST_754,prod_07,147,12959,49.4,7.3,10,5,8.4,6,6.6,11672.33
CUST_755,prod_10,165,10552,109.6,22.4,12,1,4.1,4,8.2,13143.42
CUST_755,prod_02,156,13519,170.3,17.2,12,0,5.2,8,7.6,
CUST_755,prod_01,39,677,45.6,1.7,6,7,15.4,2,6.3,
CUST_756,prod_03,57,13865,121.9,7.7,13,4,5.8,6,10.3,9360.02
CUST_756,prod_07,134,10487,94.6,19.8,8,2,1.0,9,10.8,
CUST_757,prod_09,32,1546,32.4,4.5,5,14,11.4,0,3.4,2818.0
CUST_757,prod_03,22,2969,11.0,1.3,3,13,11.5,0,6.7,2008.07
CUST_757,prod_01,62,5782,185.4,13.6,11,4,4.9,3,8.3,
CUST_758,prod_09,206,8520,80.0,8.9,13,5,4.8,7,7.5,16712.72
CUST_758,prod_10,205,12203,191.3,14.6,13,2,2.5,5,8.7,18364.93
CUST_759,prod_04,36,5520,27.6,5.2,7,13,17.9,0,4.3,3467.45
CUST_760,prod_03,196,18498,129.3,12.5,14,0,7.1,5,9.1,16770.73
CUST_760,prod_04,49,13858,71.6,11.6,12,3,2.7,6,11.3,8930.91
CUST_760,prod_01,85,12243,119.8,10.2,14,5,8.8,4,9.2,8671.39
CUST_761,prod_07,118,5531,156.8,15.8,10,2,2.4,3,10.1,
CUST_762,prod_02,9,1526,28.7,0.9,6,14,15.9,1,2.5,1107.06
CUST_763,prod_03,22,2488,42.2,3.9,3,10,8.7,2,5.2,3315.82
CUST_764,prod_03,158,10279,67.7,17.8,17,0,4.4,3,6.8,12076.5
CUST_765,prod_04,42,5499,22.4,4.0,6,10,23.4,2,6.4,4304.98
CUST_765,prod_03,65,13296,89.7,14.8,9,3,2.9,3,9.2,8645.52
CUST_765,prod_10,48,4251,46.8,5.3,7,12,10.0,3,4.7,4935.52
CUST_766,prod_06,47,2118,10.4,0.7,3,6,16.7,2,7.7,4238.02
CUST_766,prod_03,153,6616,172.0,9.9,10,5,4.1,4,7.5,13290.32
CUST_766,prod_01,147,16174,59.7,13.7,13,3,3.3,5,8.0,14335.46
CUST_767,prod_07,204,17490,81.7,19.7,16,0,4.5,5,7.9,18209.87
CUST_767,prod_02,23,3002,38.5,2.7,6,14,22.4,3,5.5,2722.09
CUST_767,prod_06,11,4159,41.3,1.7,6,13,17.9,1,4.6,2223.78
CUST_768,prod_10,196,7855,144.9,15.3,16,0,6.0,5,11.8,17997.53
CUST_769,prod_04,137,4269,51.9,9.7,7,5,3.6,5,9.1,13068.51
CUST_770,prod_04,68,8102,55.0,11.1,13,4,6.9,4,7.1,8743.43
CUST_770,prod_08,86,10512,158.4,6.3,11,2,5.7,5,9.0,10031.55
CUST_771,prod_08,174,14284,124.5,13.8,12,1,8.0,5,9.7,15457.03
CUST_771,prod_10,46,16792,165.7,7.4,17,3,2.8,8,9.0,10127.78
CUST_771,prod_05,7,3568,15.3,4.2,3,14,18.6,3,7.5,
CUST_772,prod_03,186,8156,184.3,12.1,10,0,1.6,6,6.9,14576.69
CUST_772,prod_07,103,16377,233.5,8.5,8,3,1.5,8,10.2,12558.23
CUST_772,prod_09,155,9409,120.0,20.3,11,1,2.3,6,9.0,15852.79
CUST_773,prod_01,32,4971,18.7,3.6,5,16,14.6,0,5.4,
CUST_773,prod_03,17,2590,31.1,4.4,5,7,11.2,0,3.5,2107.33
CUST_774,prod_09,12,3155,15.9,5.0,4,8,18.6,2,7.8,2595.89
CUST_774,prod_02,88,6971,122.5,13.1,11,2,7.4,6,10.1,10614.64
CUST_775,prod_07,51,1580,18.2,2.9,7,6,9.7,1,3.6,
CUST_775,prod_03,79,17589,168.5,7.7,13,2,2.8,5,7.8,
CUST_776,prod_05,7,1640,31.4,2.7,2,7,8.2,3,5.6,2094.33
CUST_776,prod_02,161,12804,59.1,14.5,8,3,4.2,5,9.1,12314.9
CUST_777,prod_09,77,14771,142.4,14.1,12,3,2.9,4,8.8,8854.72
CUST_778,prod_04,43,3854,14.0,4.9,6,15,8.9,1,5.0,4061.57
CUST_779,prod_05,15,1097,36.9,5.7,3,11,21.5,1,4.3,2397.49
CUST_779,prod_10,17,4801,22.2,3.9,4,12,16.1,2,5.9,2312.03
CUST_780,prod_09,227,6563,102.7,16.2,16,5,2.3,7,8.3,17904.48
CUST_780,prod_05,160,12661,103.7,15.9,11,4,1.3,3,6.1,13983.81
CUST_781,prod_03,146,8173,78.1,15.1,7,1,2.2,6,10.2,
CUST_782,prod_08,38,3244,34.8,1.2,7,12,19.4,1,4.6,3536.98
CUST_782,prod_03,102,8027,190.1,6.0,10,1,2.4,4,8.6,8815.72
CUST_783,prod_10,146,22978,223.0,16.2,14,1,6.3,6,8.0,13205.58
CUST_784,prod_03,120,17472,138.5,13.6,14,2,8.3,5,9.7,11985.26
CUST_784,prod_10,74,11142,78.8,15.4,12,3,4.3,4,9.0,9292.71
CUST_784,prod_04,188,18151,154.1,9.0,14,2,6.6,4,9.0,14500.28
CUST_785,prod_02,63,4463,65.4,8.9,10,5,7.7,8,8.6,
CUST_785,prod_07,26,1363,43.9,4.0,6,9,14.6,2,3.2,
CUST_785,prod_08,106,8284,119.0,5.9,7,2,4.4,5,9.5,9657.25
CUST_786,prod_06,172,14167,105.6,6.9,9,2,8.1,7,6.9,15341.99
CUST_787,prod_04,113,9185,113.7,10.3,14,1,4.1,4,10.0,11596.78
CUST_787,prod_08,67,19206,78.9,20.2,8,1,6.8,5,9.5,
CUST_788,prod_02,34,3867,14.8,3.0,4,10,27.0,3,4.2,
CUST_789,prod_04,32,1226,16.4,2.9,4,10,16.0,0,4.0,2601.45
CUST_790,prod_04,44,16211,81.5,9.6,13,3,3.2,4,8.0,
CUST_790,prod_06,10,673,22.5,0.9,4,9,16.6,1,2.7,1639.16
CUST_790,prod_03,23,3091,8.2,1.9,4,9,11.0,2,4.9,2917.78
CUST_791,prod_06,21,4339,19.4,3.9,4,7,22.8,1,5.5,2950.1
CUST_792,prod_10,97,9337,65.2,18.9,12,1,5.0,6,9.7,
CUST_793,prod_01,49,861,27.5,2.0,8,11,15.6,1,4.6,4488.6
CUST_794,prod_01,138,14573,116.4,17.9,9,2,1.1,6,9.7,
CUST_794,prod_03,52,11598,183.1,15.8,10,1,3.5,6,7.9,9335.35
CUST_794,prod_05,146,11911,142.9,20.4,14,5,2.2,8,9.8,15169.29
CUST_795,prod_09,7,3072,47.0,1.1,7,11,18.5,3,4.0,2184.27
CUST_795,prod_08,17,5251,21.5,5.7,5,11,19.3,2,3.0,2608.1
CUST_796,prod_08,153,15962,94.6,14.6,7,1,5.9,5,8.7,12286.63
CUST_797,prod_03,27,3540,34.9,2.3,3,7,10.7,1,4.7,2607.04
CUST_797,prod_05,174,7049,199.6,7.2,10,0,7.3,4,11.0,15027.81
CUST_798,prod_07,179,8992,71.4,11.5,12,0,8.6,6,7.3,15971.51
CUST_798,prod_04,82,12224,183.2,14.7,8,4,4.0,5,6.5,9957.93
CUST_798,prod_09,59,4407,59.3,19.2,13,2,5.1,5,8.5,9066.37
CUST_799,prod_04,51,5216,45.2,4.6,3,9,13.5,1,4.7,4424.41
CUST_799,prod_07,178,7575,102.9,14.2,15,1,7.1,5,6.3,14218.06
CUST_800,prod_10,29,1727,24.6,3.3,3,14,21.5,1,6.0,2726.79
